"","bookID","title","authors","average_rating","isbn","isbn13","language_code","num_pages","ratings_count","text_reviews_count","publication_date","publisher"
"1",41696,"Black Wind (Dirk Pitt  #18)","Clive Cussler/Dirk Cussler",3.86,"425204235",9780425204238,"eng",639,10113,304,"2006-06-06T00:00:00Z","G.P. Putnam's Sons"
"2",39580,"The American Campaign: U.S. Presidential Campaigns and the National Vote","James E. Campbell",5,"089096940X",9780890969403,"eng",314,0,0,"2000-05-01T00:00:00Z","Texas A&M University Press"
"3",16677,"Ad Infinitum... The Ghost in Turing's Machine: Taking God Out of Mathematics and Putting the Body Back In. An Essay in Corporeal Semiotics","Brian Rotman",4.06,"804721289",9780804721288,"en-US",224,17,2,"1993-09-01T00:00:00Z","Stanford University Press"
"4",35514,"Myths of Light: Eastern Metaphors of the Eternal (Collected Work)","Joseph Campbell/David Kudler",4.43,"1577314034",9781577314035,"eng",224,345,17,"2003-05-16T00:00:00Z","New World Library"
"5",25246,"Hegel: A Very Short Introduction","Peter Singer",3.86,"019280197X",9780192801975,"eng",131,1141,122,"2001-12-06T00:00:00Z","Oxford University Press"
"6",18926,"Conversations with Å½iÅ¾ek","Slavoj Å½iÅ¾ek/Glyn Daly",3.88,"745628974",9780745628974,"eng",171,117,1,"2003-12-30T00:00:00Z","Polity Press"
"7",25880,"World of Warcraft Atlas","Brady Games",4.09,"744004411",9780744004410,"eng",192,245,5,"2005-09-20T00:00:00Z","BradyGames"
"8",37808,"The Conquest of Gaul","Gaius Julius Caesar/F.P. Long/Cheryl Walker",3.99,"760768951",9780760768952,"eng",288,56,8,"2005-07-16T00:00:00Z","Barnes  Noble"
"9",30386,"Demon Rumm","Sandra Brown",3.35,"553576070",9780553576078,"eng",230,3122,144,"2005-11-29T00:00:00Z","Bantam"
"10",35428,"The Star Wars Poster Book","Stephen J. Sansweet/Peter Vilmur",4.5,"811848833",9780811848831,"eng",320,60,2,"2005-09-29T00:00:00Z","Chronicle Books"
"11",13722,"Cromartie High School  Vol. 01","Eiji Nonaka/Brendan Frayne",4,"141390257X",9781413902570,"eng",158,393,41,"2005-03-01T00:00:00Z","ADV Manga"
"12",27822,"Eugene Onegin","Alexander Pushkin/James E. Falen",4.09,"192838997",9780192838995,"eng",240,42668,690,"1998-10-22T00:00:00Z","Oxford University Press"
"13",685,"The Natural","Bernard Malamud/Kevin Baker",3.63,"374502005",9780374502003,"eng",231,8854,672,"2003-07-07T00:00:00Z","Farrar Straus Giroux"
"14",14648,"East Wind: West Wind","Pearl S. Buck",4,"1559210869",9781559210867,"eng",288,3238,180,"1995-04-05T00:00:00Z","Moyer Bell and its subsidiaries"
"15",18265,"Gargantua and Pantagruel","FranÃ§ois Rabelais/Thomas Urquhart/Pierre Le Motteux",3.71,"679431373",9780679431374,"eng",807,51,11,"1994-05-10T00:00:00Z","Alfred A. Knopf  Inc."
"16",12424,"Safe Conduct: An Autobiography and Other Writings","Boris Pasternak/B. Deutsch",3.82,"081120135X",9780811201353,"eng",256,83,8,"2009-04-14T00:00:00Z","New Directions"
"17",2960,"Adventures of Huckleberry Finn","Mark Twain/George Saunders",3.82,"375757376",9780375757372,"eng",244,687,37,"2001-08-14T00:00:00Z","The Modern Library"
"18",11556,"Stinger","Robert R. McCammon",3.87,"671737767",9780671737764,"en-US",538,5725,147,"1988-04-01T00:00:00Z","Pocket Books"
"19",10655,"Losers: The Road to Everyplace But the White House","Michael   Lewis",3.87,"679768092",9780679768098,"en-US",320,235,19,"1998-07-28T00:00:00Z","Vintage"
"20",45294,"Love  Hate and Everything in Between: Expressing Emotions in Japanese","Mamiko Murakami/Ernest Reiss",3.54,"4770028032",9784770028037,"eng",176,27,0,"2002-03-01T00:00:00Z","Kodansha"
"21",22365,"New X-Men: Omnibus","Grant Morrison/Marc Silvestri/Chris Bachalo/John Paul Leon/Frank Quitely/Leinil Francis Yu/Igor Kordey/Ethan Van Sciver/Keron Grant/Tom Derenick/Phil Jimenez",4.23,"785123261",9780785123262,"eng",1096,2952,112,"2006-12-06T00:00:00Z","Marvel"
"22",36865,"Richard Kern  Action","Richard Kern/Dian Hanson",3.84,"3822856495",9783822856499,"eng",280,13,0,"2007-02-01T00:00:00Z","Taschen"
"23",21764,"The Enemy (Jack Reacher  #8)","Lee Child/Dick Hill",4.16,"1593353154",9781593353155,"eng",14,1,0,"2004-06-10T00:00:00Z","Brilliance Audio"
"24",27526,"Desecration (Left Behind  #9)","Tim LaHaye/Jerry B. Jenkins",4.01,"842332294",9780842332293,"eng",432,21603,261,"2002-05-20T00:00:00Z","Tyndale House Publishers"
"25",8875,"Planet of the Apes","Pierre Boulle/Xan Fielding",3.95,"517209489",9780517209486,"en-US",192,88,14,"2000-06-06T00:00:00Z","Wings"
"26",40372,"Pirates of Venus (Venus  #1)","Edgar Rice Burroughs/Thomas Floyd/F. Paul Wilson/Phillip R. Burger",3.7,"803261837",9780803261839,"eng",179,1235,66,"2001-09-01T00:00:00Z","Bison Books"
"27",38548,"Love Bites (Argeneau #2)","Lynsay Sands",4.13,"505525534",9780505525536,"eng",373,18631,564,"2004-01-06T00:00:00Z","Love Spell"
"28",28377,"Heartsnatcher","Boris Vian/Stanley  Chapman/Raymond Queneau/John Sturrock",3.97,"1564782999",9781564782991,"en-GB",245,2430,77,"2003-10-03T00:00:00Z","Dalkey Archive Press"
"29",34545,"Elliott Erwitt: Snaps","Murray Sayle/Charles Flowers/Elliott Erwitt",4.72,"071484330X",9780714843308,"en-GB",544,102,6,"2003-06-01T00:00:00Z","Phaidon Press"
"30",43958,"Apologia Pro Vita Sua (A Defense of One's Life)","John Henry Newman",4.12,"486442136",9780486442136,"eng",336,894,52,"2005-06-17T00:00:00Z","Dover Publications"
"31",33581,"The Work of Work Servitude  Slavery and Labor in Medieval England","Allen J. Frantzen/Ruth Mazo Karras/Madonna J. Hettinger/Elizabeth Stevens Girsch/John Ruffing/George Ovitt Jr./Ross Samson/Niall Brady/Douglas Moffat/David Aers/Louise M. Bishop",3,"1873448031",9781873448038,"eng",240,1,0,"1994-08-14T00:00:00Z","Cruithne Press"
"32",12851,"The Best Stories of Fyodor Dostoevsky","Fyodor Dostoyevsky/David Magarshack",4.26,"345481267",9780345481269,"eng",352,110,6,"2005-07-26T00:00:00Z","Modern Library"
"33",33550,"Noir: Three Novels of Suspense","Richard Matheson",3.69,"765311402",9780765311405,"eng",385,150,14,"2005-10-01T00:00:00Z","Forge Books"
"34",13530,"Foreign Correspondence: A Pen Pal's Journey from Down Under to All Over","Geraldine Brooks",3.85,"385483732",9780385483735,"eng",240,1428,204,"1999-01-19T00:00:00Z","Anchor Books"
"35",37301,"Rules of Prey (Lucas Davenport  #1)","John Sandford",4.11,"425205819",9780425205815,"eng",479,62767,1738,"2005-08-02T00:00:00Z","G.P. Putnam's Sons"
"36",8127,"Anne of Green Gables (Anne of Green Gables  #1)","L.M. Montgomery",4.25,"451528824",9780451528827,"eng",320,625759,13883,"2003-05-06T00:00:00Z","Signet Book"
"37",22912,"Collected Stories","Franz Kafka/Willa Muir/Edwin Muir/Gabriel Josipovici",4.35,"679423036",9780679423034,"eng",566,445,30,"1993-10-26T00:00:00Z","Knopf"
"38",32330,"Air Gear  Vol. 1 (Air Gear  #1)","Oh! Great/å¤§æš® ç¶­äºº",3.92,"345492781",9780345492784,"eng",224,1875,37,"2006-07-25T00:00:00Z","Del Rey"
"39",21073,"The Embarrassment of Riches: An Interpretation of Dutch Culture in the Golden Age","Simon Schama",4.06,"679781242",9780679781240,"en-US",720,1783,86,"1997-12-08T00:00:00Z","Vintage"
"40",14891,"A Tree Grows in Brooklyn","Betty  Smith",4.26,"61120073",9780061120077,"eng",496,345283,16114,"2006-05-30T00:00:00Z","HarperCollins Publishers"
"41",38988,"Awakening (Chasing Yesterday  #1)","Robin Wasserman",3.95,"439933382",9780439933384,"en-US",207,2569,297,"2007-05-01T00:00:00Z","Scholastic Paperbacks"
"42",33490,"The Call of Cthulhu and Other Weird Stories","H.P. Lovecraft",4.22,"141187069",9780141187068,"en-GB",420,809,74,"2002-07-25T00:00:00Z","Penguin Books"
"43",26506,"Sisters","Danielle Steel",3.85,"385340222",9780385340229,"eng",341,15495,1037,"2007-02-13T00:00:00Z","Delacorte Press"
"44",18962,"Hands Collected: The Books of Simon Perchik","Simon Perchik/David Baratier",4.25,"188635085X",9781886350854,"eng",566,4,0,"2000-01-01T00:00:00Z","Pavement Saw Press"
"45",25152,"Uzumaki: Spiral into Horror  Vol. 1","Junji Ito/ä¼Šè—¤æ½¤äºŒ",4.32,"1569317143",9781569317143,"eng",208,12618,774,"2001-10-06T00:00:00Z","Viz Media"
"46",37195,"Mercy Watson: Princess in Disguise","Kate DiCamillo/Chris Van Dusen",4.16,"763630144",9780763630140,"eng",70,2973,202,"2007-07-10T00:00:00Z","Candlewick Press"
"47",25355,"Art Out of Time: Unknown Comics Visionaries  1900-1969","Dan Nadel",4.05,"810958384",9780810958388,"eng",320,226,24,"2006-06-01T00:00:00Z","Abrams"
"48",19354,"The Gilgamesh Epic and Old Testament Parallels","Alexander Heidel",3.95,"226323986",9780226323985,"eng",280,58,8,"1963-09-15T00:00:00Z","Phoenix Books/University of Chicago Press (IL)"
"49",39501,"The Burglar Who Thought He Was Bogart (Bernie Rhodenbarr  #7)","Lawrence Block",3.89,"60872799",9780060872793,"en-US",400,2134,99,"2006-10-31T00:00:00Z","HarperTorch"
"50",27200,"Sailing the Wine-Dark Sea: Why the Greeks Matter","Thomas Cahill",3.77,"385495544",9780385495547,"eng",352,2470,233,"2004-07-27T00:00:00Z","Anchor"
"51",8974,"Freak Show: Presenting Human Oddities for Amusement and Profit","Robert Bogdan",3.88,"226063127",9780226063126,"eng",336,210,18,"1990-05-15T00:00:00Z","University of Chicago Press"
"52",3280,"Teaching with the Brain in Mind","Eric Jensen",4.11,"1416600302",9781416600305,"eng",186,592,49,"2005-06-15T00:00:00Z","Association for Supervision & Curriculum Development"
"53",32778,"The Aeneid","Virgil/Robert Fitzgerald",3.84,"679413359",9780679413356,"eng",483,184,21,"1992-06-30T00:00:00Z","Everyman's Library"
"54",12321,"Beyond Good and Evil","Friedrich Nietzsche/R.J. Hollingdale/Michael Tanner",4.01,"014044923X",9780140449235,"eng",240,48651,1115,"2003-02-27T00:00:00Z","Penguin Classics"
"55",28541,"Dragonsong (Harper Hall  #1)","Anne McCaffrey",4.24,"141692499X",9781416924999,"eng",192,40324,1001,"2006-06-01T00:00:00Z","Aladdin Paperbacks"
"56",23316,"Round Ireland with a Fridge","Tony Hawks",3.79,"312274920",9780312274924,"en-US",248,15191,838,"2001-03-07T00:00:00Z","Thomas Dunne Books"
"57",11938,"The Innkeeper's Song","Peter S. Beagle",3.89,"451452887",9780451452887,"eng",346,2015,136,"1993-11-01T00:00:00Z","Roc"
"58",11449,"Cathedral","Raymond Carver",4.28,"679723692",9780679723691,"eng",230,21895,894,"1989-06-18T00:00:00Z","Vintage Contemporaries"
"59",7131,"The Count of Monte Cristo","Alexandre Dumas/Lorenzo Carcaterra",4.25,"037576030X",9780375760303,"eng",1462,9921,586,"2002-06-11T00:00:00Z","Modern Library"
"60",24775,"The Butterfly Tattoo","Philip Pullman",3.19,"330397966",9780330397964,"eng",186,1048,83,"2005-09-02T00:00:00Z","Young Picador"
"61",25841,"The Road To War  1933 39","Andrew      Hunt",0,"340774770",9780340774779,"eng",128,0,0,"2000-04-01T00:00:00Z","Hodder & Stoughton Educational Division"
"62",19124,"Children of the Star (Children of the Star  #1-3)","Sylvia Engdahl",4.24,"1892065142",9781892065148,"eng",728,168,12,"2000-01-10T00:00:00Z","Meisha Merlin Publishing"
"63",406,"Cosmopolis","Don DeLillo",3.22,"743244257",9780743244251,"eng",224,460,41,"2004-04-06T00:00:00Z","Scribner"
"64",24568,"The Complete Monty Python's Flying Circus: All the Words: Volume 1","Graham Chapman/Eric Idle/Terry Gilliam/John Cleese/Terry Jones/Michael Palin/Roger Wilmut",4.38,"679726470",9780679726470,"eng",352,3172,40,"1989-11-12T00:00:00Z","Pantheon"
"65",26586,"The Land of the Dead (Tales from the Odyssey  #2)","Mary Pope Osborne/Homer/Troy Howell",3.97,"786809299",9780786809295,"eng",112,400,32,"2003-09-01T00:00:00Z","Little  Brown Books for Young Readers"
"66",41488,"Ghost Ship: A Cape Cod Story","Mary Higgins Clark/Wendell Minor",3.73,"1416935142",9781416935148,"eng",32,353,38,"2007-04-03T00:00:00Z","Simon  Schuster/Paula Wiseman Books"
"67",5136,"After Many a Summer Dies the Swan","Aldous Huxley",3.75,"1566630185",9781566630184,"en-US",368,2056,149,"1993-01-01T00:00:00Z","Ivan R. Dee Publisher"
"68",37817,"The Blazing Center Study Guide: The Soul-Satisfying Supremacy of God in All Things","John Piper",4.3,"1590526856",9781590526859,"eng",112,20,0,"2006-07-03T00:00:00Z","Multnomah"
"69",16131,"The House of Morgan: An American Banking Dynasty and the Rise of Modern Finance","Ron Chernow",4.07,"802138292",9780802138293,"eng",812,5110,281,"2001-09-20T00:00:00Z","Grove Press"
"70",35875,"Ghost in the Shell","Masamune Shirow",4.18,"1845760182",9781845760182,"en-GB",368,61,3,"2005-02-25T00:00:00Z","Titan"
"71",37564,"A Different Mirror: A History of Multicultural America","Ronald Takaki",4.13,"316831115",9780316831116,"en-US",508,3389,212,"1994-06-01T00:00:00Z","Back Bay Books"
"72",35655,"Two of Us: The Story of a Father  a Son  and the Beatles","Peter J. Smith",3.53,"618251456",9780618251452,"en-US",206,51,12,"2004-02-04T00:00:00Z","Houghton Mifflin Harcourt"
"73",21704,"The Black Dahlia (L.A. Quartet  #1)","James Ellroy",3.75,"446698873",9780446698870,"eng",348,70771,1815,"2006-08-16T00:00:00Z","Mysterious Press"
"74",37566,"Trapped in the Mirror: Adult Children of Narcissists in Their Struggle for Self","Elan Golomb",3.82,"688140718",9780688140717,"en-US",272,779,82,"1995-03-28T00:00:00Z","William Morrow Paperbacks"
"75",34873,"The Great And Secret Show (Book of the Art #1)","Clive Barker",4.05,"000617695X",9780006176954,"eng",698,275,17,"1990-04-26T00:00:00Z","Fontana Books"
"76",18977,"The Silmarillion","J.R.R. Tolkien/Christopher Tolkien",3.92,"48231533",9780048231536,"eng",441,368,44,"1979-03-12T00:00:00Z","Unwin Paperbacks"
"77",25930,"Balzac And The Little Chinese Seamstress","Dai Sijie/Ina Rilke",3.64,"99452243",9780099452249,"eng",172,223,22,"2002-04-17T00:00:00Z","Random House (Vintage)"
"78",15669,"Strangers In Paradise  Pocket Book 5","Terry Moore",4.38,"1892597381",9781892597380,"eng",392,999,24,"2005-12-14T00:00:00Z","Abstract Studio"
"79",9498,"Beauty: The Invisible Embrace","John O'Donohue",4.47,"60957263",9780060957261,"en-US",261,678,78,"2005-03-01T00:00:00Z","Harper Perennial"
"80",41783,"Fluffy Humpy Poopy Puppy: A Ruff  Dog-Eared Look at Man's Best Friend","Michael J. Nelson/Pop Ink/Charles S. Anderson Design Company",4,"810970570",9780810970571,"eng",176,56,7,"2006-09-01T00:00:00Z","Harry N. Abrams"
"81",13485,"Think Like a Guy: How to Get a Guy by Thinking Like One","Giuliana DePandi",3.15,"312354371",9780312354374,"en-US",172,115,23,"2006-06-27T00:00:00Z","St. Martin's Griffin"
"82",1486,"The Trojan Women and Hippolytus","Euripides",3.63,"486424626",9780486424620,"eng",64,34,4,"2002-07-17T00:00:00Z","Dover Publications"
"83",26994,"Plato on Knowledge and Reality","Nicholas P. White",3.67,"915144220",9780915144228,"eng",272,6,0,"1976-06-15T00:00:00Z","Hackett Publishing Company  Inc."
"84",40694,"Ray Bradbury's Fahrenheit 451","Harold Bloom",4.18,"791059294",9780791059296,"eng",147,991,52,"2001-12-31T00:00:00Z","Chelsea House Publications"
"85",29658,"Postwar: A History of Europe Since 1945","Tony Judt",4.34,"143037757",9780143037750,"eng",933,8017,571,"2006-09-05T00:00:00Z","Penguin Books"
"86",12662,"Caravans","James A. Michener",4.05,"812969820",9780812969825,"eng",320,4753,400,"2003-09-09T00:00:00Z","Dial Press Trade Paperback"
"87",2205,"The Letters of John and Abigail Adams","Abigail Adams/Frank Shuffelton",4.14,"142437115",9780142437117,"eng",512,275,28,"2003-12-30T00:00:00Z","Penguin Classics"
"88",4167,"The Final Season: Fathers  Sons  and One Last Season in a Classic American Ballpark","Tom Stanton",4.16,"312291566",9780312291563,"eng",256,216,25,"2002-05-08T00:00:00Z","St. Martin's Griffin"
"89",44353,"Weetzie Bat (Weetzie Bat  #1)","Francesca Lia Block",3.74,"60736259",9780060736255,"eng",128,13013,1025,"2004-07-06T00:00:00Z","HarperTeen"
"90",2026,"Myths of the Underworld Journey: Plato  Aristophanes  and the ""Orphic"" Gold Tablets","Radcliffe G. Edmonds III",3.75,"521834341",9780521834346,"eng",276,3,0,"2004-11-18T00:00:00Z","Cambridge University Press"
"91",44958,"Landscape Within: Insights and Inspirations for Photographers","David   Ward/Joe Cornish",4.36,"190253834X",9781902538341,"eng",128,22,3,"2004-11-01T00:00:00Z","Aurum Press"
"92",10785,"By-Line: Selected Articles and Dispatches of Four Decades","Ernest Hemingway/William M. White",3.96,"684839059",9780684839059,"en-US",512,421,33,"1998-05-12T00:00:00Z","Scribner"
"93",33574,"Hawkes Harbor","S.E. Hinton",3.13,"765344726",9780765344724,"en-US",289,2157,288,"2005-10-01T00:00:00Z","Tor Books"
"94",38674,"Walt Disney's Peter Pan (A Little Golden Book)","Walt Disney Company/Al Dempster",4.39,"736402381",9780736402385,"eng",24,5661,87,"2007-01-23T00:00:00Z","Golden/Disney"
"95",27543,"Artificial Intelligence: A Modern Approach","Stuart Russell/Peter Norvig",4.17,"137903952",9780137903955,"eng",1132,2689,79,"2002-12-20T00:00:00Z","Prentice Hall"
"96",23919,"The Complete Stories and Poems","Edgar Allan Poe",4.38,"385074077",9780385074070,"eng",821,183869,1226,"1984-08-15T00:00:00Z","Doubleday & Company  Inc."
"97",28759,"Magic's Pawn (Valdemar: Last Herald-Mage #1)","Mercedes Lackey",4.21,"886773520",9780886773526,"eng",349,22431,736,"1989-06-06T00:00:00Z","DAW Books Inc"
"98",32939,"New Rules: Polite Musings from a Timid Observer","Bill Maher",3.71,"1594862958",9781594862953,"en-US",304,5034,305,"2005-07-26T00:00:00Z","Rodale Books"
"99",5310,"The Life and Times of Scrooge McDuck Companion","Don Rosa",4.48,"1888472405",9781888472400,"eng",208,959,22,"2006-09-19T00:00:00Z","Gemstone Publishing"
"100",25050,"The Case of the Mummy Mystery (Jigsaw Jones  #6)","James Preller/John Speirs/R.W. Alley",3.81,"439080940",9780439080941,"en-US",80,327,22,"2001-03-01T00:00:00Z","Scholastic Paperbacks"
"101",34771,"Red Phoenix","Larry Bond",4.02,"751504351",9780751504354,"en-US",791,26,2,"1995-04-25T00:00:00Z","Warner Books (NY)"
"102",597,"Killing Yourself to Live: 85% of a True Story","Chuck Klosterman",3.81,"743264460",9780743264464,"eng",245,26381,1109,"2006-06-13T00:00:00Z","Scribner"
"103",13323,"Mark Rothko  1903 1970","Diane Waldman",4.04,"500282757",9780500282755,"eng",296,3,0,"2001-05-14T00:00:00Z","Thames & Hudson Ltd"
"104",41072,"Natural Theology: Comprising Nature & Grace by Professor Dr Emil Brunner & the Reply No! by Dr Karl Barth","Karl Barth/Emil Brunner/Peter Fraenkel",3.72,"1592441122",9781592441129,"en-GB",132,92,11,"2002-12-01T00:00:00Z","Wipf & Stock Publishers"
"105",27924,"The Essential Augustine","Augustine of Hippo/Vernon J. Bourke",3.69,"915144077",9780915144075,"eng",268,114,7,"1978-08-01T00:00:00Z","Hackett Publishing Company (Indianapolis  IN)"
"106",37585,"The Lemon Table","Julian Barnes",3.68,"1400076501",9781400076505,"eng",241,2043,167,"2005-04-05T00:00:00Z","Vintage"
"107",12202,"The Poetry of Robert Frost: The Collected Poems  Complete and Unabridged","Robert Frost/Edward Connery Lathem",4.25,"805069860",9780805069860,"eng",607,1392,67,"2002-04-01T00:00:00Z","Owl Books"
"108",14698,"On the Lines of Morris' Romances: Two Books That Inspired J. R. R. Tolkien-The Wood Beyond the World and the Well at the World's End","William Morris/Michale W. Perry",4.09,"1587420244",9781587420245,"eng",288,11,1,"2003-12-23T00:00:00Z","Inkling Books"
"109",41203,"Mother's Milk","Edward St. Aubyn",3.76,"1890447420",9781890447427,"en-US",240,53,7,"2006-11-09T00:00:00Z","Grove Press  Open City Books"
"110",26069,"Making Democracy Work: Civic Traditions in Modern Italy","Robert D. Putnam",3.83,"691037388",9780691037387,"eng",280,604,34,"1994-06-16T00:00:00Z","Princeton University Press"
"111",28471,"Dragons of the Highlord Skies (Dragonlance: The Lost Chronicles  #2)","Margaret Weis/Tracy Hickman",4.05,"786943335",9780786943333,"eng",456,3523,99,"2007-10-23T00:00:00Z","Wizards of the Coast"
"112",30934,"Black Mischief","Evelyn Waugh",3.76,"316917338",9780316917339,"eng",304,2421,132,"2002-08-30T00:00:00Z","Back Bay Books"
"113",31382,"Living with Passion and Purpose: Luke (Woman After God's Own Heart)","Elizabeth George",4,"736908161",9780736908160,"eng",160,22,4,"2005-09-15T00:00:00Z","Harvest House Publishers"
"114",33498,"Shadows of Yog-Sothoth (Call of Cthulhu RPG)","Sandy Petersen",3.9,"1568821743",9781568821740,"eng",180,63,2,"2004-08-15T00:00:00Z","Chaosium"
"115",18852,"The Years","Virginia Woolf",3.77,"141185325",9780141185323,"eng",444,2867,174,"2002-02-28T00:00:00Z","Penguin Classics"
"116",41681,"The Jungle","Upton Sinclair/Earl Lee/Kathleen DeGrave",3.74,"1884365302",9781884365300,"eng",335,110423,4133,"2003-04-01T00:00:00Z","See Sharp Press"
"117",17170,"A Tale of Two Cities","Charles Dickens/Gillen D'Arcy Wood",3.84,"1593083327",9781593083328,"en-GB",409,301,44,"2004-10-21T00:00:00Z","Barnes  Noble Classics"
"118",3685,"Black Beauty","Anna Sewell",3.96,"439228905",9780439228909,"eng",245,208684,3358,"2003-03-01T00:00:00Z","Scholastic Paperbacks"
"119",19859,"The Best of the Realms: The Stories of Elaine Cunningham (Forgotten Realms: The Best of the Realms  #3)","Elaine Cunningham",3.98,"786942886",9780786942886,"en-GB",345,164,6,"2007-05-08T00:00:00Z","Wizards of the Coast"
"120",71,"Traders  Guns & Money: Knowns and Unknowns in the Dazzling World of Derivatives","Satyajit Das",3.83,"273704745",9780273704744,"eng",334,1456,82,"2006-05-15T00:00:00Z","FT Press"
"121",3788,"Thursday's Child (Margaret Thursday  #1)","Noel Streatfeild",3.98,"440486874",9780440486879,"eng",256,1059,38,"1985-12-01T00:00:00Z","Yearling"
"122",23293,"Dubliners","James Joyce/Frank McCourt/Donal Donnelly/Ciaran Hinds/Colm Meaney/Malachy McCourt",3.85,"60789565",9780060789565,"eng",8,53,11,"2005-05-10T00:00:00Z","Caedmon"
"123",34534,"The Amazing Maurice and His Educated Rodents (Discworld  #28)","Terry Pratchett",4.05,"006001234X",9780060012342,"eng",256,29309,952,"2001-11-06T00:00:00Z","HarperCollins"
"124",22448,"You are Being Lied To: The Disinformation Guide to Media Distortion  Historical Whitewashes  and Cultural Myths","Russ Kick",3.87,"966410076",9780966410075,"eng",399,1010,34,"2001-04-01T00:00:00Z","Disinformation Company"
"125",34301,"Echoes","Maeve Binchy",3.8,"440122090",9780440122098,"en-US",496,9434,455,"1997-02-10T00:00:00Z","Dell Publishing Company"
"126",26439,"Absolute C++","Walter J. Savitch",3.83,"321468937",9780321468932,"eng",943,36,4,"2007-03-01T00:00:00Z","Addison Wesley"
"127",16213,"The Hot Zone: The Terrifying True Story of the Origins of the Ebola Virus","Richard Preston",4.12,"385495226",9780385495226,"eng",352,85408,4334,"1999-06-15T00:00:00Z","Anchor Books"
"128",42604,"Men Are Like Waffles  Women Are Like Spaghetti","Bill Farrel/Pam Farrel",3.88,"736904867",9780736904865,"eng",253,952,117,"2001-01-01T00:00:00Z","Harvest House Publishers"
"129",29565,"The Stone Raft","JosÃ© Saramago",3.8,"1860467210",9781860467219,"eng",272,3224,180,"2000-06-01T00:00:00Z","Panther"
"130",16172,"Desert Queen: The Extraordinary Life of Gertrude Bell: Adventurer  Adviser to Kings  Ally of Lawrence of Arabia","Janet Wallach",3.92,"1400096197",9781400096190,"eng",464,2944,499,"2005-07-12T00:00:00Z","Anchor"
"131",37262,"Dark Horse Deluxe Journal: Craig Thompson's Angels and Demons","Craig Thompson",3.52,"1593070691",9781593070694,"eng",128,46,1,"2003-12-30T00:00:00Z","Dark Horse"
"132",22557,"Wasteland of Flint","Thomas Harlan",3.79,"765341131",9780765341136,"eng",512,291,38,"2004-02-01T00:00:00Z","Tor Books"
"133",14249,"Prodigal Summer","Barbara Kingsolver",4,"60959037",9780060959036,"eng",444,88241,5652,"2001-10-16T00:00:00Z","Harper Perennial"
"134",29019,"The Twelve Terrors of Christmas","John Updike/Edward Gorey",4.23,"764937103",9780764937101,"eng",32,2552,103,"2006-05-01T00:00:00Z","Pomegranate Communications"
"135",18718,"Down the Yellow Brick Road:The Making of The Wizard of Oz","Doug McClelland/Ted Sennett",3.92,"515040967",9780515040968,"eng",159,3,2,"1976-05-01T00:00:00Z","Pyramid Books"
"136",7855,"Planet of Slums","Mike  Davis",3.92,"1844670228",9781844670222,"eng",228,1727,173,"2006-03-01T00:00:00Z","Verso"
"137",43457,"Rose (Shooting Stars  #3)","V.C. Andrews",3.72,"671039954",9780671039950,"eng",185,2352,29,"2001-09-01T00:00:00Z","Pocket Books"
"138",4978,"Wolves of the Calla (The Dark Tower  #5)","Stephen King/Bernie Wrightson",4.18,"141651693X",9781416516934,"eng",931,127168,2801,"2006-02-01T00:00:00Z","Pocket Books"
"139",32692,"Gerald's Game","Stephen King",3.51,"831727527",9780831727529,"eng",332,117178,2678,"1992-09-01T00:00:00Z","Smithmark Publishers"
"140",1470,"Euripides II: The Cyclops / Heracles / Iphigenia in Tauris / Helen","Euripides/David Grene/Richmond Lattimore/Witter Bynner/William Arrowsmith",4.31,"226307816",9780226307817,"eng",264,790,12,"2002-04-15T00:00:00Z","University of Chicago Press"
"141",27689,"Mary Stewart's Merlin Trilogy (Arthurian Saga  #1-3)","Mary  Stewart",4.39,"688003478",9780688003470,"eng",928,4146,175,"2004-09-07T00:00:00Z","Harper Voyager"
"142",43666,"McNally's Puzzle (Archy McNally  #6)","Lawrence Sanders",3.85,"425157466",9780425157466,"eng",343,1569,63,"1997-02-01T00:00:00Z","Berkley"
"143",38775,"Autobiography of Thomas Jefferson","Thomas Jefferson",3.89,"486442896",9780486442891,"eng",112,696,34,"2005-06-03T00:00:00Z","Dover Publications"
"144",19912,"Master of Dragons (Mageverse #5)","Angela Knight",4.22,"425214249",9780425214244,"eng",293,3190,56,"2007-06-05T00:00:00Z","Berkley Sensation"
"145",5882,"The Sword of CorteÌs (Pirates of the Caribbean: Jack Sparrow  #4)","Rob Kidd/Jean-Paul Orpinas/Walt Disney Company",3.98,"1423100611",9781423100614,"en-US",122,644,14,"2006-10-01T00:00:00Z","Disney Press"
"146",11431,"The Red Gloves Collection (Red Gloves  #1-4)","Karen Kingsbury",4.49,"446579629",9780446579629,"eng",640,718,36,"2006-10-10T00:00:00Z","FaithWords"
"147",44053,"Odes to Common Things","Pablo Neruda/Ferris Cook/Ken Krabbenhoft",4.39,"821220802",9780821220801,"eng",152,1885,105,"1994-05-01T00:00:00Z","Bulfinch"
"148",21742,"Tripwire (Jack Reacher  #3)","Lee Child/Dick Hill",4.09,"1567408346",9781567408348,"eng",3,16,3,"1999-07-08T00:00:00Z","Nova Audio Books"
"149",33484,"The Conquering Sword of Conan (Conan the Cimmerian  #3)","Robert E. Howard/Gregory Manchess/Patrice Louinet",4.33,"345461533",9780345461537,"eng",416,3697,83,"2005-11-29T00:00:00Z","Del Rey"
"150",37656,"The Turtle (The Lighthouse Family  #4)","Cynthia Rylant/Preston McDaniels",4.07,"689863128",9780689863127,"eng",48,155,13,"2006-02-01T00:00:00Z","Beach Lane Books"
"151",40007,"Hannibal Crosses the Alps: The Invasion of Italy & the Second Punic War","John Prevas",3.83,"306810700",9780306810701,"en-US",256,91,11,"2001-09-17T00:00:00Z","Da Capo Press"
"152",32781,"War and the Iliad","Simone Weil/Rachel Bespaloff/Mary McCarthy/Christopher E.G. Benfey/Hermann Broch",4.04,"1590171454",9781590171455,"eng",121,532,57,"2005-03-31T00:00:00Z","NYRB Classics"
"153",8960,"Vampire Mountain (Cirque Du Freak  #4)","Darren Shan",4.16,"316905747",9780316905749,"eng",208,26461,587,"2003-09-01T00:00:00Z","Little  Brown Young Readers"
"154",6418,"Thanksgiving","Janet Evanovich",3.6,"60598808",9780060598808,"eng",228,10637,474,"2006-10-31T00:00:00Z","HarperTorch"
"155",40378,"The Chessmen of Mars (Barsoom #5)","Edgar Rice Burroughs/John Bolen",3.83,"1400130212",9781400130214,"eng",0,5147,157,"2005-01-01T00:00:00Z","Tantor Media"
"156",33608,"East of Eden","John Steinbeck",4.37,"613996984",9780613996983,"eng",602,35,1,"1992-10-01T00:00:00Z","Turtleback Books"
"157",1801,"Reading Greek Tragedy","Simon Goldhill",4.12,"521315794",9780521315791,"eng",302,32,3,"1986-08-05T00:00:00Z","Cambridge University Press"
"158",4633,"Islands in the Stream","Ernest Hemingway",3.88,"743253426",9780743253420,"eng",448,11265,471,"2003-07-22T00:00:00Z","Scribner"
"159",1354,"Gorgias","Plato/Walter Hamilton/Chris Emlyn-Jones",3.95,"140449043",9780140449044,"en-GB",208,8186,198,"2004-01-29T00:00:00Z","Penguin Classics"
"160",1849,"Wild Fire (John Corey  #4)","Nelson DeMille",4.01,"044657967X",9780446579674,"eng",519,20909,944,"2006-11-06T00:00:00Z","Warner Books (NY)"
"161",3207,"The Dialogues of Plato  Volume 1: Euthyphro  Apology  Crito  Meno  Gorgias  Menexenus","Plato/Reginald E. Allen",4.17,"300044887",9780300044881,"eng",352,114,11,"1989-09-10T00:00:00Z","Yale University Press"
"162",11121,"Gulliver's Travels","Jonathan Swift/Robert A. Greenberg",3.57,"393099415",9780393099416,"eng",432,174,9,"1980-03-01T00:00:00Z","W. W. Norton & Company"
"163",3806,"Creative Correction: Extraordinary Ideas For Everyday Discipline","Lisa Whelchel/Stormie Omartian",3.93,"1589971280",9781589971288,"en-US",367,1094,87,"2010-03-31T00:00:00Z","Thomas Nelson"
"164",25444,"The Collected Poems of Robert Penn Warren","Robert Penn Warren/John Burt/Harold Bloom",4.37,"807123331",9780807123331,"eng",838,173,10,"1998-10-01T00:00:00Z","LSU Press"
"165",14106,"Grammar Snobs Are Great Big Meanies: A Guide to Language for Fun and Spite","June Casagrande",3.78,"143036831",9780143036838,"eng",199,774,157,"2006-03-28T00:00:00Z","Penguin Books"
"166",498,"Tesla Papers","Nikola Tesla/David Hatcher Childress",4.13,"932813860",9780932813862,"eng",100,102,2,"2000-12-01T00:00:00Z","Adventures Unlimited Press"
"167",12408,"Passing","Nella Larsen/Carla Kaplan",3.85,"393979164",9780393979169,"eng",546,335,26,"2007-08-01T00:00:00Z","W. W. Norton & Company"
"168",10711,"God Knows","Joseph Heller",3.8,"684841258",9780684841250,"eng",368,2992,163,"1997-11-12T00:00:00Z","Simon  Schuster"
"169",41134,"The Memory of Whiteness: A Scientific Romance","Kim Stanley Robinson",3.55,"312861435",9780312861438,"en-US",352,448,37,"1996-01-15T00:00:00Z","Orb Books"
"170",5196,"Tara Road","Maeve Binchy",3.9,"440235596",9780440235590,"eng",648,66629,1712,"2000-07-18T00:00:00Z","Dell"
"171",43641,"Water for Elephants","Sara Gruen",4.09,"1565125606",9781565125605,"eng",335,1260027,52759,"2007-05-01T00:00:00Z","Algonquin Books"
"172",44170,"The Looking Glass Wars","Frank Beddor",3.93,"803731531",9780803731530,"eng",364,37148,3142,"2006-09-26T00:00:00Z","Dial Books"
"173",8551,"Flying Finish","Dick Francis",3.97,"515125601",9780515125603,"eng",276,2587,89,"1999-08-01T00:00:00Z","Jove"
"174",17533,"Rose in Bloom (Eight Cousins  #2)","Louisa May Alcott",4.04,"316030899",9780316030892,"eng",302,19389,382,"1995-09-01T00:00:00Z","Little  Brown Books for Young Readers"
"175",22175,"Strange Pilgrims","Gabriel GarcÃ­a MÃ¡rquez",4.03,"1400034698",9781400034697,"eng",208,6952,422,"2006-11-14T00:00:00Z","Vintage"
"176",4260,"The Polysyllabic Spree","Nick Hornby",3.73,"1932416242",9781932416244,"eng",143,6828,621,"2004-11-30T00:00:00Z","McSweeney's"
"177",2932,"Robinson Crusoe (Robinson Crusoe #1)","Daniel Defoe/Virginia Woolf",3.67,"375757325",9780375757327,"eng",320,209122,4131,"2001-06-12T00:00:00Z","Modern Library"
"178",15763,"Dark Rivers of the Heart / Sole Survivor / Intensity","Dean Koontz",4.41,"970998716",9780970998712,"eng",700,602,10,"2001-10-25T00:00:00Z","Bright Sky Press"
"179",42955,"The Drifters","James A. Michener",4.04,"449213536",9780449213537,"eng",768,6253,353,"1986-10-12T00:00:00Z","Fawcett Books"
"180",8541,"Straight","Dick Francis",4.05,"042520846X",9780425208465,"eng",320,3513,143,"2006-02-07T00:00:00Z","G.P. Putnam's Sons"
"181",22284,"Diary","Chuck Palahniuk",3.61,"1400032814",9781400032815,"eng",262,65139,2120,"2004-09-14T00:00:00Z","Anchor"
"182",1381,"The Odyssey","Homer/Robert Fagles/Bernard Knox",3.76,"143039954",9780143039952,"eng",541,760871,6557,"2006-11-30T00:00:00Z","Penguin Classics"
"183",168,"Growing Up Untouchable in India: A Dalit Autobiography","Vasant Moon/Gail Omvedt/Eleanor Zelliot",3.65,"742508803",9780742508804,"eng",224,16,4,"2000-12-20T00:00:00Z","Rowman & Littlefield Publishers"
"184",39149,"What Angels Fear (Sebastian St. Cyr  #1)","C.S. Harris",3.89,"451219716",9780451219718,"eng",410,10168,1077,"2006-10-03T00:00:00Z","Signet"
"185",22482,"Final Fantasy Origins - Official Strategy Guide","Casey Loe/Laura Parkinson",3.96,"744002532",9780744002539,"eng",256,25,1,"2003-04-09T00:00:00Z","Bradygames"
"186",37811,"The Assassination of Julius Caesar: A People's History of Ancient Rome","Michael Parenti",4.17,"1565849426",9781565849426,"eng",276,685,73,"2004-08-30T00:00:00Z","The New Press"
"187",24100,"The Golden Notebook","Doris Lessing",3.76,"006093140X",9780060931407,"eng",640,16000,1219,"1999-02-03T00:00:00Z","Harper Perennial Modern Classics"
"188",4411,"Eden in the East: The Drowned Continent of Southeast Asia","Stephen Oppenheimer",3.98,"753806797",9780753806791,"eng",575,99,15,"1999-07-01T00:00:00Z","Orion Publishing"
"189",1303,"The 48 Laws of Power","Robert Greene/Joost Elffers",4.18,"140280197",9780140280197,"eng",452,60946,3167,"2000-09-01T00:00:00Z","Penguin (Business)"
"190",24056,"Something Fishy at Macdonald Hall (Macdonald Hall  #7)","Gordon Korman",4.06,"590255223",9780590255226,"eng",208,919,13,"2000-09-01T00:00:00Z","Scholastic Paperbacks"
"191",16268,"Back to Barbary Lane: The Tales of the City Omnibus (Tales of the City  #4-6)","Armistead Maupin",4.44,"60166495",9780060166496,"eng",720,514,11,"1991-11-26T00:00:00Z","Harper"
"192",6414,"Mother God: The Feminine Principle to Our Creator","Sylvia Browne",4.05,"1401903096",9781401903091,"en-US",128,469,30,"2004-02-01T00:00:00Z","Hay House"
"193",39503,"Hit Parade (John Keller  #3)","Lawrence Block",3.86,"60840889",9780060840884,"eng",295,104,12,"2006-07-03T00:00:00Z","William Morrow"
"194",37693,"New Moon (Moon #6)","Rebecca York",3.86,"425216020",9780425216026,"eng",323,634,30,"2007-03-06T00:00:00Z","Berkley Sensation"
"195",18373,"Flowers for Algernon","Daniel Keyes",4.12,"156030306",9780156030304,"eng",311,337596,9949,"2005-05-01T00:00:00Z","Harvest Books"
"196",23418,"The Architecture of Happiness","Alain de Botton",3.86,"375424431",9780375424434,"eng",280,7101,540,"2006-10-03T00:00:00Z","Pantheon Books"
"197",21091,"A Smart Girl's Guide to Money: How to Make It  Save It  And Spend It","Nancy Holyoke/Ali Douglass",4.14,"1593691033",9781593691035,"en-GB",95,536,65,"2006-03-01T00:00:00Z","American Girl Publishing Inc"
"198",4100,"Behind Closed Doors: Secrets of Great Management","Johanna Rothman/Esther Derby",3.96,"976694026",9780976694021,"en-US",176,840,63,"2005-09-26T00:00:00Z","Pragmatic Bookshelf"
"199",43930,"Gone for Good","Harlan Coben",4.1,"440236738",9780440236733,"eng",432,35722,1844,"2003-03-04T00:00:00Z","Dell Publishing Company"
"200",1328,"Phaedrus","Plato/C.J. Rowe",3.92,"140449744",9780140449747,"eng",176,236,22,"2005-08-25T00:00:00Z","Penguin Classics"
"201",44921,"Explode the Code 1","Nancy Hall",4.37,"838814603",9780838814604,"eng",99,89,10,"2001-01-01T00:00:00Z","School Specialty Publishing"
"202",12555,"The Bonesetter's Daughter","Amy Tan",3.99,"345457374",9780345457370,"eng",387,108440,2689,"2003-02-04T00:00:00Z","Ballantine Books"
"203",6340,"Homeric Moments: Clues to Delight in Reading the Odyssey and the Iliad","Eva Brann",4.3,"967967570",9780967967578,"eng",326,118,13,"2002-09-01T00:00:00Z","Paul Dry Books"
"204",834,"Harrington on Hold 'em: Expert Strategy for No-Limit Tournaments  Volume II: The Endgame","Dan Harrington/Bill Robertie",4.16,"1880685353",9781880685358,"eng",450,1474,30,"2005-06-01T00:00:00Z","Two Plus Two Publishing LLC"
"205",5665,"Ideas Have Consequences","Richard M. Weaver",4.16,"226876802",9780226876801,"eng",198,970,105,"1984-09-28T00:00:00Z","University Of Chicago Press"
"206",44455,"Not Much Fun: The Lost Poems of Dorothy Parker","Dorothy Parker/Stuart Y. Silverstein",4.18,"743211480",9780743211482,"eng",256,444,27,"2001-07-10T00:00:00Z","Scribner"
"207",8722,"Burr","Gore Vidal",4.07,"375708731",9780375708732,"eng",430,7265,526,"2000-02-15T00:00:00Z","Vintage"
"208",15195,"The Complete Maus","Art Spiegelman",4.55,"141014083",9780141014081,"eng",296,111475,5966,"2003-10-02T00:00:00Z","Penguin Books"
"209",13658,"The Other Wind (Earthsea Cycle  #6)","Ursula K. Le Guin/Samuel Roukin",4.12,"044101125X",9780441011254,"eng",211,14393,635,"2003-09-30T00:00:00Z","Ace Books"
"210",32370,"Dry","Augusten Burroughs",4.03,"312423799",9780312423797,"eng",293,77100,3112,"2004-04-01T00:00:00Z","Picador USA"
"211",9659,"Fear of Fifty: A Midlife Memoir","Erica Jong",3.55,"1585425249",9781585425242,"eng",329,455,31,"2006-09-07T00:00:00Z","Tarcherperigee"
"212",29150,"Yakitate!! Japan  Volume 1","Takashi Hashiguchi",3.97,"1421507196",9781421507194,"en-US",208,2207,61,"2006-09-12T00:00:00Z","VIZ Media LLC"
"213",30189,"Cast in Courtlight (Chronicles of Elantra  #2)","Michelle Sagara",4.11,"373802447",9780373802449,"eng",488,8990,294,"2006-07-18T00:00:00Z","Luna"
"214",42691,"The Haj","Leon Uris",4.03,"553248642",9780553248647,"eng",525,11372,396,"1985-05-01T00:00:00Z","Bantam"
"215",24880,"Hell Phone","William Sleator",3.5,"810954796",9780810954793,"en-US",252,570,88,"2006-09-26T00:00:00Z","Harry N. Abrams"
"216",10814,"Here Is New York","E.B. White/Roger Angell/Barbara Cohen/Judith Stonehill",4.3,"1892145022",9781892145024,"eng",58,5379,544,"2000-01-01T00:00:00Z","Little Bookroom"
"217",15603,"Varney's Pocket Midwife","Jan M. Kriebs/Carolyn L. Gegor",4.06,"763726710",9780763726713,"eng",616,4,0,"2005-01-01T00:00:00Z","Jones & Bartlett Publishers"
"218",7010,"A Midsummer Night's Dream","William Shakespeare/Amanda Root/Arkangel Cast/Roy Hudd/David Harewood",3.94,"1932219242",9781932219241,"eng",3,62,6,"2005-05-03T00:00:00Z","AudioGO"
"219",9714,"Gabriel Garcia Marquez's Love in the Time of Cholera: A Reader's Guide","Thomas Fahy",4.24,"826414753",9780826414755,"eng",188,1953,84,"2003-04-10T00:00:00Z","Bloomsbury Academic"
"220",76,"Heirs of General Practice","John McPhee",4.17,"374519749",9780374519742,"eng",128,268,22,"1986-04-01T00:00:00Z","Farrar  Straus and Giroux"
"221",14060,"Little House Friends (Little House Chapter Books: Laura  #9)","Laura Ingalls Wilder/RenÃ©e Graef",4.04,"64420809",9780064420808,"eng",80,73,2,"1998-09-05T00:00:00Z","HarperCollins"
"222",27971,"A Lie and a Libel: The History of the Protocols of the Elders of Zion","Binjamin W. Segel/Richard S. Levy/Sergei Nilus",3.3,"803292457",9780803292451,"eng",148,8,2,"1996-08-01T00:00:00Z","University of Nebraska Press"
"223",41713,"The Sea Hunters II (The Sea Hunters  #2)","Clive Cussler/Craig Dirgo",3.85,"425193721",9780425193723,"en-US",464,1311,37,"2003-12-30T00:00:00Z","G.P. Putnam's Sons"
"224",18546,"King Lear","William Shakespeare/Stanley Wells",3.91,"192839926",9780192839923,"eng",336,233,15,"2001-04-12T00:00:00Z","Oxford University Press  USA"
"225",16566,"Selected Non-Fictions","Jorge Luis Borges/Suzanne Jill Levine/Esther Allen/Eliot Weinberger",4.43,"140290117",9780140290110,"eng",560,2059,90,"2000-11-01T00:00:00Z","Penguin Books"
"226",34657,"The Heights of Courage: A Tank Leader's War on the Golan","Avigdor Kahalani",4.2,"275942694",9780275942694,"eng",234,106,11,"1992-02-28T00:00:00Z","Praeger Publishers"
"227",42869,"The Servant Leader","Kenneth H. Blanchard",4.09,"849996597",23755004321,"eng",128,276,26,"2003-03-11T00:00:00Z","Thomas Nelson"
"228",34436,"The Complete Greek Tragedies  Volume 2: Sophocles","Sophocles/David Grene/Richmond Lattimore",4.14,"226307654",9780226307657,"eng",472,32,6,"1992-08-01T00:00:00Z","University of Chicago Press"
"229",4524,"The Shadow of the Wind","Carlos Ruiz ZafÃ³n/Lucia Graves",4.26,"753819317",9780753819319,"eng",403,1278,175,"2004-10-28T00:00:00Z","Phoenix"
"230",38717,"The Anthology at the End of the Universe: Leading Science Fiction Authors on Douglas Adams' The Hitchhiker's Guide to the Galaxy","Glenn Yeffeth/Don DeBrandt/Cory Doctorow/Bruce Bethke/Adam Roberts/Lawrence Watt-Evans/Selina Rosen/Mark W. Tiedemann/Jacqueline Carey/Susan Sizemore/Vox Day/Stephen Baxter/A.M. Dellamonica/Marguerite Krause/John Shirley/Adam-Troy Castro/Amy Berner/Maria  Alexander/Marie-Catherine Caillava/Mike Byrne",3.86,"1932100563",9781932100563,"eng",240,129,10,"2005-03-11T00:00:00Z","Smart Pop"
"231",3554,"The Modern Prince: Charles J. Haughey and the Quest for Power","Justin   O'Brien",3.5,"1903582415",9781903582411,"eng",212,4,0,"2003-04-28T00:00:00Z","Merlin Publishing"
"232",25173,"Belle Ruin (Emma Graham  #3)","Martha Grimes",3.5,"451219449",9780451219442,"eng",368,1158,118,"2006-09-01T00:00:00Z","Berkley Books"
"233",28093,"Far Afield","Susanna Kaysen",3.81,"679753761",9780679753766,"eng",352,316,50,"1994-04-19T00:00:00Z","Vintage"
"234",11728,"The Blue Flower","Penelope Fitzgerald",3.47,"395859972",9780395859971,"eng",226,3334,514,"1997-04-15T00:00:00Z","Mariner Books"
"235",15587,"Bacacay","Witold Gombrowicz/Bill Johnston",3.94,"097639507X",9780976395072,"eng",275,491,28,"2006-05-01T00:00:00Z","Archipelago Books"
"236",43380,"Blaming the Victims: Spurious Scholarship and the Palestinian Question","Edward W. Said/Christopher Hitchens",4.22,"1859843409",9781859843406,"eng",296,166,7,"2001-09-17T00:00:00Z","Verso"
"237",17412,"Chemistry: The Central Science","Theodore L. Brown/H. Eugene LeMay Jr./Bruce E. Bursten",3.88,"130669970",9780130669971,"eng",1046,539,16,"2002-05-17T00:00:00Z","Prentice Hall"
"238",42926,"Nightingale's Song","Kate Pennington",3.02,"340878754",9780340878750,"en-GB",219,40,5,"2006-10-19T00:00:00Z","Hachette Children's"
"239",22198,"The Hunt for Zero Point: Inside the Classified World of Antigravity Technology","Nick Cook",4.12,"767906284",9780767906289,"en-US",320,323,37,"2007-12-18T00:00:00Z","Broadway Books"
"240",6524,"How to Write a Damn Good Novel: A Step-by-Step No Nonsense Guide to Dramatic Storytelling","James N. Frey",3.86,"312010443",9780312010447,"eng",192,2152,155,"1987-12-15T00:00:00Z","St. Martin's Press"
"241",2011,"The Dosadi Experiment (ConSentiency Universe  #2)","Frank Herbert",3.81,"765342537",9780765342539,"eng",320,6146,150,"2002-09-16T00:00:00Z","Tor Books"
"242",30569,"Complete Essays 4  1936-38","Aldous Huxley/Robert S. Baker/James Sexton",4.29,"156663394X",9781566633949,"en-US",416,7,2,"2001-11-05T00:00:00Z","Ivan R. Dee"
"243",34460,"Quicksand","Jun'ichirÅ Tanizaki/Howard Hibbett",3.65,"679760229",9780679760221,"eng",224,1060,90,"1995-06-24T00:00:00Z","Vintage"
"244",35288,"All Over You (Secret Lives of Daytime Divas  #2)","Sarah Mayberry",3.73,"373793243",9780373793242,"eng",251,521,35,"2007-03-27T00:00:00Z","Harlequin Blaze"
"245",8153,"The Luzhin Defense","Vladimir Nabokov/Michael Scammell",3.95,"679727221",9780679727224,"eng",256,7305,277,"1990-08-11T00:00:00Z","Vintage"
"246",32893,"Letter to a Man in the Fire: Does God Exist and Does He Care?","Reynolds Price",3.7,"684856271",9780684856278,"eng",112,113,22,"2000-10-17T00:00:00Z","Scribner"
"247",10597,"The Illustrated Stephen King Trivia Book","Brian James Freeman/Bev Vincent/Glenn Chadbourne",4.23,"1587671166",9781587671166,"eng",404,22,5,"2005-05-01T00:00:00Z","Cemetery Dance Publications"
"248",38601,"Dear Sister (Sweet Valley High  #7)","Francine Pascal/Kate William",3.53,"553276727",9780553276725,"eng",160,2071,81,"1984-11-01T00:00:00Z","Bantam Books"
"249",32099,"A Year at the Races: Reflections on Horses  Humans  Love  Money  and Luck","Jane Smiley",3.9,"1400033179",9781400033171,"eng",304,696,49,"2005-04-19T00:00:00Z","Anchor"
"250",11723,"Angels & Insects","A.S. Byatt",3.65,"676503187",9780676503180,"eng",292,7,0,"1994-03-29T00:00:00Z","Vintage Books"
"251",39106,"Rosa","Nikki Giovanni/Bryan Collier",4.35,"805071067",9780805071061,"en-US",40,6097,635,"2005-10-01T00:00:00Z","Henry Holt and Co. (BYR)"
"252",9164,"Ballet for Dummies","Scott Speck/Evelyn Cisneros",4.01,"764525689",9780764525681,"eng",348,78,6,"2003-10-03T00:00:00Z","For Dummies"
"253",3604,"Personal Finance for Dummies","Eric Tyson/Rich Tennant",3.77,"764525905",9780764525902,"eng",454,925,92,"2003-08-01T00:00:00Z","John Wiley & Sons"
"254",8141,"Anne of Avonlea","L.M. Montgomery/Clare Sieffert",4.23,"448400634",9780448400631,"eng",315,85,12,"1990-11-01T00:00:00Z","Grosset & Dunlap"
"255",13615,"Death Note  Vol. 1: Boredom (Death Note  #1)","Tsugumi Ohba/Takeshi Obata/Pookie Rolf",4.43,"1421501686",9781421501680,"eng",195,174482,3010,"2005-10-10T00:00:00Z","VIZ Media LLC"
"256",6819,"Ghostwritten","David Mitchell",4.05,"375724508",9780375724503,"eng",426,20880,1728,"2001-10-09T00:00:00Z","Vintage"
"257",24316,"The Trouble With Violet","Anne Mazer/Bill Brown",3.89,"439872464",9780439872461,"eng",112,223,36,"2007-07-01T00:00:00Z","Scholastic Paperbacks"
"258",16301,"Agatha Christie: An Autobiography","Agatha Christie/Robert Welch Herrick",4.27,"6353282",9780006353287,"eng",560,4296,310,"2001-01-02T00:00:00Z","HarperCollins"
"259",18281,"Introduction to Phenomenology","Robert Sokolowski",3.98,"521667925",9780521667920,"eng",248,316,36,"2000-01-27T00:00:00Z","Cambridge University Press"
"260",23013,"Gain","Richard Powers",3.77,"99284464",9780099284468,"eng",355,710,54,"2001-11-01T00:00:00Z","Vintage"
"261",8726,"Comfort Me With Apples","Ruth Reichl",4.04,"965193772",9780965193771,"eng",299,15,3,"2001-01-01T00:00:00Z","Random house"
"262",28854,"The Book of Lost Tales  Part Two (The History of Middle-earth  #2)","J.R.R. Tolkien/Christopher Tolkien",3.86,"261102141",9780261102149,"eng",385,203,12,"2002-05-07T00:00:00Z","HarperCollinsPublishers"
"263",22163,"The Wild Trees: A Story of Passion and Daring","Richard   Preston",4.09,"1400064899",9781400064892,"eng",294,5588,942,"2007-08-23T00:00:00Z","Random House (NY)"
"264",17007,"The Devilish Pleasures of a Duke (Boscastle  #6)","Jillian Hunter",3.99,"345487621",9780345487629,"eng",345,938,46,"2007-07-31T00:00:00Z","Ballantine Books"
"265",37731,"Just as Long as We're Together","Judy Blume",4.07,"330398040",9780330398046,"eng",202,9375,422,"2001-04-09T00:00:00Z","Macmillan Children's Books"
"266",30646,"Beyond the Chains of Illusion: My Encounter with Marx and Freud","Erich Fromm/Rainer Funk",4.07,"082641897X",9780826418975,"eng",152,285,20,"2006-12-17T00:00:00Z","Bloomsbury / Continuum"
"267",25406,"Sophie's World","Jostein Gaarder/Paulette MÃ¸ller",3.92,"374530718",9780374530716,"en-US",518,4399,515,"2007-03-20T00:00:00Z","Farrar  Straus and Giroux"
"268",23242,"The Good Ghouls' Guide to Getting Even (Beth Frasier #1)","Julie Kenner",3.59,"425213919",9780425213919,"eng",256,901,73,"2007-04-03T00:00:00Z","Berkley Trade"
"269",16593,"The Coming of the Fairies","Arthur Conan Doyle/John M. Lynch",3.39,"803266553",9780803266551,"eng",189,208,38,"2006-10-01T00:00:00Z","Bison Books"
"270",39180,"Orin Aoraiosaa: Songs for Selected Heads","John    Mason",4.39,"1881244067",9781881244066,"eng",450,39,3,"1997-01-01T00:00:00Z","Yoruba Theological Archministry"
"271",31968,"Walking the Bible: A Journey by Land Through the Five Books of Moses","Bruce Feiler",3.87,"60838639",9780060838638,"eng",451,2539,331,"2005-08-02T00:00:00Z","William Morrow Paperbacks"
"272",28251,"The High Lord (Black Magician Trilogy  #3)","Trudi Canavan",4.15,"1841493155",9781841493152,"eng",644,39692,998,"2004-11-04T00:00:00Z","Orbit"
"273",27577,"What Went Wrong? The Clash Between Islam & Modernity in the Middle East","Bernard Lewis",3.49,"60516054",9780060516055,"eng",186,2474,257,"2003-01-07T00:00:00Z","Harper Perennial"
"274",41712,"Lost City (NUMA Files  #5)","Clive Cussler/Paul Kemprecos",3.9,"425204197",9780425204191,"en-US",515,227,17,"2005-07-26T00:00:00Z","G.P. Putnam's Sons"
"275",17707,"The Hitchhiker's Guide to the Galaxy (Hitchhiker's Guide to the Galaxy  #1)","Douglas Adams",4.22,"671746065",9780671746063,"eng",216,2796,242,"1991-05-01T00:00:00Z","Pocket Books"
"276",16364,"Murder on the Orient Express (Hercule Poirot  #10)","Agatha Christie",4.17,"1579126235",9781579126230,"eng",266,1520,238,"2006-09-01T00:00:00Z","Black Dog & Leventhal Publishers"
"277",35324,"Incident at Exeter","John G. Fuller",3.56,"425039293",9780425039298,"en-US",221,51,7,"1978-04-15T00:00:00Z","Berkley Books (NY)"
"278",43489,"Music in the Night (Logan  #4)","V.C. Andrews",3.85,"067153467X",9780671534677,"eng",320,5554,64,"1998-03-01T00:00:00Z","Pocket Books"
"279",11605,"Riding the Bullet","Stephen King/Josh Hamilton",3.63,"743525876",9780743525879,"eng",66,11649,270,"2002-05-01T00:00:00Z","Simon  Schuster Audio"
"280",8088,"Sunshine","Robin McKinley",3.85,"515138819",9780515138818,"eng",405,31047,3519,"2004-11-30T00:00:00Z","Jove"
"281",18242,"A Savage War of Peace: Algeria  1954-1962","Alistair Horne",4.23,"1590172183",9781590172186,"eng",608,1895,178,"2006-10-10T00:00:00Z","New York Review of Books"
"282",44325,"I Was a Teenage Fairy","Francesca Lia Block",3.82,"64408620",9780064408622,"eng",192,6599,236,"2000-05-03T00:00:00Z","HarperTeen"
"283",13879,"Shards of a Broken Crown (The Serpentwar Saga  #4)","Raymond E. Feist",4.02,"380973995",9780380973996,"en-US",417,131,4,"1998-04-01T00:00:00Z","AvonEos"
"284",19066,"Underdog (Wolfe Brothers  #1)","Markus Zusak",3.38,"3473352349",9783473352340,"eng",153,2591,207,"1999-05-01T00:00:00Z","Ravensburger Buchverlag"
"285",9974,"Gertrud The Great Of Helfta: Spiritual Exercises","Gertrude the Great/Gertrud Jaron Lewis",3.43,"879074493",9780879074494,"eng",165,7,1,"1989-11-01T00:00:00Z","Cistercian Publications"
"286",39724,"Marsha Is Only a Flower (Marsha  #2)","Barbara Bottner",3.82,"307263304",9780307263308,"eng",48,20,1,"2000-04-01T00:00:00Z","Random House Books for Young Readers"
"287",13628,"The Mezentian Gate","E.R. Eddison",3.6,"345272218",9780345272218,"eng",275,134,5,"1978-04-12T00:00:00Z","Del Rey"
"288",44528,"Matilda","Roald Dahl/Rula Lenska/Sian Thomas/Christopher Timothy",4.31,"141805625",9780141805627,"eng",1,6,0,"2005-03-03T00:00:00Z","Puffin Audiobooks"
"289",16568,"The Book of Imaginary Beings","Jorge Luis Borges/Margarita Guerrero/Peter SÃ­s/Andrew Hurley",4.09,"143039938",9780143039938,"eng",236,5007,238,"2006-09-26T00:00:00Z","Penguin Books"
"290",35226,"The Red Badge of Courage (Classic Starts)","Oliver Ho/Jamel Akib/Arthur Pober/Stephen Crane",3.86,"1402726635",9781402726637,"eng",160,59,7,"2006-03-28T00:00:00Z","Sterling"
"291",30318,"Embracing Love  Vol. 6","Youka Nitta",4.33,"1933440198",9781933440194,"eng",216,315,7,"2008-06-01T00:00:00Z","Be Beautiful"
"292",25922,"Love Mode  Vol. 5","Yuki Shimizu",4.32,"1598160141",9781598160147,"eng",192,582,10,"2007-05-01T00:00:00Z","Blu"
"293",25688,"Complete Works of Tacitus","Tacitus/Alfred J. Church/William Jackson Brodribb/Moses Hadas",4.29,"75536390",9780075536390,"eng",773,280,13,"1964-09-01T00:00:00Z","McGraw-Hill Humanities/Social Sciences/Languages"
"294",38504,"You Get So Alone at Times That it Just Makes Sense","Charles Bukowski",4.24,"876856830",9780876856833,"eng",320,12358,533,"1986-06-05T00:00:00Z","Black Sparrow Press"
"295",37722,"In Search of Dracula: The History of Dracula and Vampires","Raymond T. McNally/Radu Florescu",3.87,"395657830",9780395657836,"eng",320,1257,76,"1994-10-31T00:00:00Z","Mariner Books"
"296",30365,"The Thrill of Victory","Erin St. Claire/Sandra Brown",3.62,"1551666723",9781551666723,"eng",240,1097,56,"2003-02-21T00:00:00Z","MIRA"
"297",5417,"Carrie / 'Salem's Lot / The Shining","Stephen King",4.54,"517219026",9780517219027,"eng",1096,13137,61,"2002-07-02T00:00:00Z","Wings"
"298",13122,"Marilyn Monroe: The Biography","Donald Spoto",4.03,"815411839",9780815411833,"eng",752,1396,99,"2001-07-17T00:00:00Z","Cooper Square Publishers"
"299",42278,"I Can Fly","Ruth Krauss/Mary Blair",4.24,"307001466",9780307001467,"eng",24,1069,70,"2003-09-09T00:00:00Z","Golden Books"
"300",13399,"Splinter Cell (Tom Clancy's Splinter Cell  #1)","David  Michaels/Raymond Benson/Tom Clancy",3.85,"425201686",9780425201688,"eng",355,10329,193,"2004-12-06T00:00:00Z","Berkley"
"301",28173,"On Vital Reserves","William  James/Stephen Vicchio",4.5,"870611518",9780870611513,"eng",58,3,1,"1988-04-01T00:00:00Z","Christian Classics"
"302",19361,"The Scarlet Letter and Other Writings","Nathaniel Hawthorne/Eugene Hudson Long/Seymour L. Gross/Richard C. Beatty/Sculley Bradley/Richmond Croom Beatty",3.59,"393956539",9780393956535,"eng",443,237,17,"1978-02-01T00:00:00Z","W. W. Norton & Company"
"303",9122,"The Picture of Dorian Gray","Oscar Wilde/Donald L. Lawler",4.08,"393955680",9780393955682,"eng",462,171,13,"1988-01-01T00:00:00Z","W. W. Norton & Company"
"304",23217,"Size 14 Is Not Fat Either (Heather Wells  #2)","Meg Cabot",3.83,"60525126",9780060525125,"eng",344,27424,1038,"2006-11-28T00:00:00Z","William Morrow Paperbacks"
"305",25109,"Common Ground: A Turbulent Decade in the Lives of Three American Families","J. Anthony Lukas",4.28,"394746163",9780394746166,"eng",688,2061,194,"1986-08-12T00:00:00Z","Vintage"
"306",16114,"A Dance to the Music of Time: 3rd Movement (A Dance to the Music of Time  #7-9)","Anthony Powell",4.26,"226677176",9780226677170,"eng",715,1289,83,"1995-05-31T00:00:00Z","University of Chicago Press"
"307",13060,"Nature Girl","Carl Hiaasen",3.63,"307262995",9780307262998,"eng",306,19245,1533,"2006-11-14T00:00:00Z","Alfred A. Knopf"
"308",40217,"Kushiel's Justice (Imriel's Trilogy  #2)","Jacqueline Carey",4.25,"446500038",9780446500036,"eng",703,15897,381,"2007-06-14T00:00:00Z","Roc"
"309",41130,"Pacific Edge (Three Californias Triptych  #3)","Kim Stanley Robinson",3.78,"312890389",9780312890384,"eng",336,1208,89,"1995-05-15T00:00:00Z","Orb Books"
"310",40928,"Oedipus Tyrannus","Sophocles/Theodore F. Brunner/Luci Berkowitz",3.7,"393098745",9780393098747,"eng",272,146,10,"1970-07-01T00:00:00Z","W.W. Norton & Company"
"311",20238,"A Fearsome Doubt (Inspector Ian Rutledge  #6)","Charles Todd",4.04,"553583174",9780553583175,"eng",384,2815,258,"2003-07-29T00:00:00Z","Bantam"
"312",33539,"World War II: A Short History","Michael J. Lyons",3.9,"130977691",9780130977694,"en-US",343,72,6,"2003-06-19T00:00:00Z","Routledge"
"313",15997,"Paradise Lost","John Milton/John      Leonard",3.82,"140424393",9780140424393,"eng",453,113473,2598,"2003-02-27T00:00:00Z","Penguin Classics"
"314",24562,"The Adventures of Baron Munchausen: The Illustrated Screenplay","Terry Gilliam/Charles McKeown",3.52,"155783041X",9781557830418,"eng",238,11,0,"1989-04-01T00:00:00Z","Rowman & Littlefield Publishers"
"315",11253,"A Severed Head","Iris Murdoch",3.73,"140020039",9780140020038,"eng",204,3682,319,"1976-11-18T00:00:00Z","Penguin Books"
"316",15407,"The Lord of the Rings Millennium Edition Boxed Set (The Lord of the Rings  #1-3)","J.R.R. Tolkien",4.5,"618037667",9780618037667,"eng",1472,120,5,"1999-10-10T00:00:00Z","Houghton Mifflin"
"317",32433,"The Key to Midnight","Dean Koontz/Leigh Nichols",3.95,"425147517",9780425147511,"eng",419,24594,239,"1995-06-01T00:00:00Z","Berkley Books"
"318",463,"The Red Notebook: True Stories","Paul Auster",3.77,"811214982",9780811214988,"eng",104,2390,120,"2002-06-17T00:00:00Z","New Directions"
"319",43098,"The Communist Manifesto","Karl Marx/Friedrich Engels/Eric Hobsbawm",3.55,"1859848982",9781859848982,"eng",88,309,38,"1998-05-01T00:00:00Z","Verso"
"320",27851,"Data Structures and Algorithm Analysis in C","Mark Allen Weiss",3.85,"201498405",9780201498400,"eng",528,120,11,"1996-09-19T00:00:00Z","Pearson"
"321",44739,"Graphic Design Solutions","Robin Landa",4.04,"1401881548",9781401881542,"en-US",403,147,12,"2005-04-27T00:00:00Z","Delmar Thomson Learning"
"322",24517,"The Stuffed Owl: An Anthology of Bad Verse","D.B. Wyndham-Lewis/Charles  Lee/Billy Collins/Max Beerbohm",3.73,"1590170385",9781590170380,"eng",264,69,9,"2003-04-30T00:00:00Z","NYRB Classics"
"323",25365,"Out","Natsuo Kirino/Stephen Snyder",3.92,"1400078377",9781400078370,"eng",400,18671,1894,"2005-01-04T00:00:00Z","Vintage"
"324",29820,"Little Pilgrim's Progress","Helen L. Taylor/John Bunyan",4.26,"802449263",9780802449269,"eng",256,212,20,"1989-03-08T00:00:00Z","Moody Publishers"
"325",25299,"Investing in Real Estate","Andrew James McLean/Gary W. Eldred",3.82,"471741205",9780471741206,"eng",314,200,12,"2005-11-01T00:00:00Z","John Wiley & Sons"
"326",12419,"A Calendar of Wisdom: Daily Thoughts to Nourish the Soul","Leo Tolstoy/Peter Sekirin",4.07,"684837935",9780684837932,"eng",384,502,43,"1997-10-14T00:00:00Z","Scribner"
"327",6438,"A Supposedly Fun Thing I'll Never Do Again: Essays and Arguments","David Foster Wallace",4.25,"316919896",9780316919890,"eng",353,722,110,"1997-02-01T00:00:00Z","Little  Brown"
"328",12300,"The Scarlet Letter","Nathaniel Hawthorne",3.4,"1587263831",9781587263835,"eng",224,109,8,"2006-07-14T00:00:00Z","Ann Arbor Media"
"329",1537,"The Oedipus Plays of Sophocles: Oedipus the King; Oedipus at Colonus; Antigone","Sophocles/Paul Roche",3.97,"452011671",9780452011670,"eng",288,553,46,"1996-05-01T00:00:00Z","Plume"
"330",41820,"Pebble in the Sky (Galactic Empire #3)","Isaac Asimov",3.88,"553293427",9780553293425,"eng",308,14022,452,"1991-12-01T00:00:00Z","Bantam"
"331",11390,"Something Wicked This Way Comes","Ray Bradbury",3.94,"965020452",9780965020459,"eng",293,834,54,"2001-01-01T00:00:00Z","Bookspan"
"332",12550,"Stiff Upper Lip  Jeeves (Jeeves  #13)","P.G. Wodehouse",4.29,"184159105X",9781841591056,"eng",211,6970,310,"2002-12-17T00:00:00Z","Everyman's Library"
"333",5362,"The Summons / The Brethren","John Grisham/Michael Beck/Frank  Muller",3.99,"739342770",9780739342770,"eng",0,241,9,"2006-10-10T00:00:00Z","Random House Audio"
"334",7048,"The Tale of Genji","Yoshitaka Amano/Murasaki Shikibu/Rachel Nacth/Anri ItÅ/Junichi Imura",4.05,"1595820639",9781595820631,"eng",81,475,37,"2006-08-08T00:00:00Z","Dark Horse Books"
"335",13575,"Tsubasa: RESERVoir CHRoNiCLE  Vol. 8","CLAMP/William Flanagan",4.27,"345484282",9780345484284,"eng",194,2993,40,"2006-01-31T00:00:00Z","Del Rey"
"336",23843,"The Abandoned (Harrow House  #4)","Douglas Clegg",3.45,"843954108",9780843954104,"eng",370,229,23,"2005-05-01T00:00:00Z","Leisure Books"
"337",7830,"After Henry","Joan Didion",3.83,"679745394",9780679745396,"eng",320,1205,100,"1993-04-27T00:00:00Z","Vintage"
"338",7775,"Happy Birthday to You!","Dr. Seuss",4.13,"394800761",9780394800769,"eng",64,4344,262,"1959-08-12T00:00:00Z","Random House Books for Young Readers"
"339",8978,"Freaks!: How to Draw Fantastic Fantasy Creatures","Steve  Miller",4.06,"823016625",9780823016624,"eng",144,31,1,"2004-06-01T00:00:00Z","Watson-Guptill Publications"
"340",2307,"Collected Stories  1911-1937","Edith Wharton/Maureen Howard",4.25,"1883011949",9781883011949,"eng",848,55,9,"2001-01-29T00:00:00Z","Library of America"
"341",43673,"The First Deadly Sin (Deadly Sins  #2)","Lawrence Sanders",4.04,"425104273",9780425104279,"eng",628,5817,145,"1987-04-15T00:00:00Z","Berkley"
"342",18431,"The Rule of Four","Ian Caldwell/Dustin Thomason",3.23,"440241359",9780440241355,"eng",450,25111,1691,"2005-06-28T00:00:00Z","Dell Publishing Company"
"343",24119,"M Is for Mayflower: A Massachusetts Alphabet","Margot Theis Raven/Jeannie Brett",4,"1585360724",9781585360727,"eng",40,27,4,"2002-10-01T00:00:00Z","Sleeping Bear Press"
"344",9594,"Timequake","Kurt Vonnegut Jr.",3.72,"99267543",9780099267546,"eng",219,23527,822,"1998-08-06T00:00:00Z","Vintage Classics"
"345",34637,"Nobody Loves a Centurion (SPQR  #6)","John Maddox Roberts",4.14,"312320191",9780312320195,"eng",288,641,25,"2003-10-10T00:00:00Z","St. Martin's Griffin"
"346",4801,"The Grapes of Wrath and Other Writings 1936â€“1941: The Long Valley / The Grapes of Wrath / The Log from the Sea of Cortez / The Harvest Gypsies","John Steinbeck/Elaine Steinbeck/Robert DeMott",4.41,"1883011159",9781883011154,"eng",1088,884,25,"1996-09-01T00:00:00Z","Library of America"
"347",4989,"The Red Tent","Anita Diamant",4.17,"312353766",9780312353766,"eng",336,470858,15859,"2005-11-01T00:00:00Z","St. Martin's Press"
"348",17045,"American Government: Continuity and Change  Texas Edition","Karen  O'Connor/Larry J. Sabato",2.83,"321365607",9780321365606,"eng",1088,0,0,"2005-05-26T00:00:00Z","Longman Publishing Group"
"349",230,"The Burnt Orange Heresy (Vintage Crime/Black Lizard)","Charles Willeford",3.89,"679732527",9780679732525,"eng",144,98,11,"1990-10-03T00:00:00Z","Vintage"
"350",21330,"Fables  Vol. 5: The Mean Seasons","Bill Willingham/Mark Buckingham/Steve Leialoha/Tony Akins/Jimmy Palmiotti",4.19,"1401204864",9781401204860,"eng",166,20703,611,"2005-04-30T00:00:00Z","Vertigo"
"351",35465,"Yoda: Dark Rendezvous","Sean Stewart",3.88,"345463099",9780345463098,"eng",329,3972,116,"2004-11-23T00:00:00Z","Del Rey"
"352",9632,"Switch on the Night","Ray Bradbury/Leo Dillon/Diane Dillon",4.13,"553112449",9780553112443,"en-US",40,198,12,"2004-09-14T00:00:00Z","Dragonfly Books"
"353",32329,"Air Gear  Vol. 3 (Air Gear  #3)","Oh! Great/å¤§æš® ç¶­äºº",4.09,"345492803",9780345492807,"eng",224,609,3,"2007-01-30T00:00:00Z","Del Rey"
"354",2781,"Immigrant Acts: On Asian American Cultural Politics","Lisa Lowe",4,"822318644",9780822318644,"eng",272,206,9,"1996-10-21T00:00:00Z","Duke University Press Books"
"355",16928,"The Riverside Milton","John Milton/Roy C. Flannagan",4.26,"395809991",9780395809990,"eng",1248,772,19,"1998-03-09T00:00:00Z","Cengage Learning"
"356",1846,"Wild at Heart: Discovering the Secret of a Man's Soul","John Eldredge",3.92,"785268839",9780785268833,"eng",256,55106,1503,"2001-04-01T00:00:00Z","Thomas Nelson"
"357",23010,"Prisoner's Dilemma","Richard Powers",3.87,"60977086",9780060977085,"en-US",352,543,45,"2002-04-02T00:00:00Z","Harper Perennial"
"358",32401,"King Henry IV  Part 2","William Shakespeare/Arthur Raleigh Humphreys",3.8,"1904271065",9781904271062,"eng",336,262,21,"1967-10-12T00:00:00Z","Bloomsbury Arden Shakespeare"
"359",13568,"Tsubasa: RESERVoir CHRoNiCLE  Vol. 11","CLAMP/William Flanagan",4.28,"345485289",9780345485281,"eng",183,2728,35,"2006-10-31T00:00:00Z","Del Rey"
"360",7388,"My Pride and Joy: An Autobiography","George  Adamson",4.23,"671624970",9780671624972,"en-US",304,134,12,"1987-12-31T00:00:00Z","Simon & Schuster"
"361",13674,"The Life and Games of Mikhail Tal","Mikhail Tal/Iakov Damsky/Kenneth P. Neat",4.52,"1857442024",9781857442021,"eng",496,442,24,"1997-07-01T00:00:00Z","Everyman Chess"
"362",31960,"The Best American Sports Writing 2003","Buzz Bissinger/Glenn Stout/Elizabeth Gilbert/Bill Plaschke/Gary Smith/Michael J. Agovino",3.87,"618251324",9780618251322,"eng",352,53,2,"2003-10-10T00:00:00Z","Mariner Books"
"363",31364,"What Came Before He Shot Her (Inspector Lynley  #14)","Elizabeth  George",3.56,"60545623",9780060545628,"eng",560,6669,668,"2006-10-17T00:00:00Z","Harper"
"364",26599,"Selected Poems","E.E. Cummings/Richard S. Kennedy",4.22,"871401541",9780871401540,"eng",208,12438,264,"2007-08-17T00:00:00Z","Liveright"
"365",23937,"The Soft Machine (The Nova Trilogy #1)","William S. Burroughs",3.35,"802133290",9780802133298,"eng",184,5892,204,"1994-01-13T00:00:00Z","Grove Press"
"366",43150,"Twilight of the Idols/The Anti-Christ","Friedrich Nietzsche/Michael Tanner",4.16,"140445145",9780140445145,"en-GB",208,7149,143,"1990-01-25T00:00:00Z","Penguin Classics"
"367",8901,"Battle for the Planet of the Apes","David Gerrold/John William Corrington/Joyce Hooper Corrington",3.66,"891901639",9780891901631,"eng",158,461,10,"1973-06-01T00:00:00Z","Award Books"
"368",9365,"Atlas Shrugged","Ayn Rand",3.69,"394415760",9780394415765,"en-US",1168,86,12,"1957-10-12T00:00:00Z","Random House"
"369",44183,"Chemistry and Other Stories","Ron Rash",4.19,"312425082",9780312425081,"eng",230,601,79,"2000-09-05T00:00:00Z","St. Martins Press-3PL"
"370",15973,"Middle Age: A Romance","Joyce Carol Oates",3.58,"60934905",9780060934903,"eng",480,1650,199,"2002-10-01T00:00:00Z","Ecco"
"371",26426,"Fullmetal Alchemist  Vol. 12 (Fullmetal Alchemist  #12)","Hiromu Arakawa/Akira Watanabe",4.6,"1421508397",9781421508399,"eng",192,7480,119,"2007-03-20T00:00:00Z","VIZ Media LLC"
"372",12086,"Long Day's Journey: The Steamboat & Stagecoach Era in the Northern West","Carlos A. Schwantes",4,"295976918",9780295976914,"eng",408,4,0,"1999-09-01T00:00:00Z","University of Washington Press"
"373",38709,"Holes (Holes  #1)","Louis Sachar",3.96,"439244196",9780439244190,"eng",233,887554,17547,"2000-09-02T00:00:00Z","Scholastic"
"374",41740,"Billy Budd  Sailor","Herman Melville",3.12,"1417647116",9781417647118,"eng",127,29,0,"1999-03-01T00:00:00Z","Turtleback Books"
"375",18212,"Jacques the Fatalist","Denis Diderot/David Coward",3.84,"192838741",9780192838742,"eng",304,4891,102,"1999-09-16T00:00:00Z","Oxford University Press"
"376",19412,"They Cage the Animals at Night","Jennings Michael Burch",4.32,"451159411",9780451159410,"eng",304,7999,670,"1985-10-01T00:00:00Z","Signet"
"377",18335,"Out of the Woods","Chris Offutt",4.05,"684853760",9780684853765,"eng",176,480,61,"2000-02-22T00:00:00Z","Simon  Schuster"
"378",33263,"South of the Border  West of the Sun","Haruki Murakami/Philip Gabriel",3.87,"679767398",9780679767398,"eng",213,3778,457,"2000-03-14T00:00:00Z","Vintage"
"379",30214,"Where the Mountain Casts Its Shadow: The Dark Side of Extreme Adventure","Maria Coffey/Thomas Hornbein",3.88,"312339011",9780312339012,"eng",256,386,49,"2005-04-01T00:00:00Z","St. Martin's Griffin"
"380",21779,"The Season: A Candid Look at Broadway","William Goldman",4.1,"879100230",73999768442,"eng",448,291,35,"2004-07-01T00:00:00Z","Limelight"
"381",37343,"My Wicked Pirate","Rona Sharon",3.9,"821780573",9780821780572,"eng",432,502,33,"2006-11-01T00:00:00Z","Zebra"
"382",18518,"The Diary of Virginia Woolf  Volume One: 1915-1919","Virginia Woolf/Anne Olivier Bell/Quentin Bell",4.32,"156260360",9780156260367,"eng",356,1281,40,"1979-05-15T00:00:00Z","Mariner Books"
"383",23315,"The Scandal of Ulysses: The Life And Afterlife of a Twentieth Century Masterpiece","Bruce Arnold",3.82,"190414845X",9781904148456,"eng",346,12,0,"2005-11-15T00:00:00Z","The Liffey Press"
"384",35987,"The Greek Islands","Lawrence Durrell",3.89,"571214266",9780571214266,"eng",332,25,3,"2002-04-08T00:00:00Z","Faber & Faber"
"385",26480,"Witness","Karen Hesse",3.72,"439272009",9780439272001,"eng",161,4667,703,"2003-03-01T00:00:00Z","Scholastic Paperbacks"
"386",13107,"The Celestine Prophecy: An Experiential Guide","James Redfield",3.84,"553503707",9780553503708,"eng",304,120,11,"1995-07-06T00:00:00Z","Bantam"
"387",4295,"David Foster Wallace's Infinite Jest: A Reader's Guide","Stephen J. Burn",3.82,"082641477X",9780826414779,"en-GB",96,900,48,"2003-05-20T00:00:00Z","Bloomsbury Academic"
"388",24767,"Touching Darkness (Midnighters  #2)","Scott Westerfeld",3.89,"60519568",9780060519568,"eng",439,17135,675,"2006-03-01T00:00:00Z","Harper Teen"
"389",33853,"Where the Broken Heart Still Beats: The Story of Cynthia Ann Parker","Carolyn Meyer",3.7,"152956026",9780152956028,"eng",208,642,80,"1992-10-15T00:00:00Z","HMH Books for Young Readers"
"390",38673,"Peter Pan in Kensington Gardens / Peter and Wendy","J.M. Barrie/Peter Hollindale",4.06,"192839292",9780192839299,"eng",288,4206,102,"1999-10-28T00:00:00Z","Oxford University Press"
"391",14257,"English Passengers","Matthew Kneale",4.06,"038549744X",9780385497442,"eng",446,4863,409,"2001-01-16T00:00:00Z","Anchor"
"392",18930,"The Uses of Literature","Italo Calvino/Patrick Creagh",4.07,"156932504",9780156932509,"eng",341,900,32,"1987-10-21T00:00:00Z","Mariner Books"
"393",28721,"Cormac McCarthy's All the Pretty Horses","Harold Bloom/Amy Sickels",4.09,"791075680",9780791075685,"eng",126,180,10,"2003-09-01T00:00:00Z","Chelsea House Publications"
"394",3736,"Redburn","Herman Melville/Harold Beaver",3.62,"140431055",9780140431056,"eng",448,545,53,"1976-08-26T00:00:00Z","Penguin Classics"
"395",10929,"For One More Day","Mitch Albom",4.1,"1401303277",9781401303273,"eng",197,113593,6830,"2006-09-26T00:00:00Z","Hachette Books"
"396",19078,"Madame Bovary (Critical Editions)","Gustave Flaubert/Margaret Cohen/Eleanor Marx",3.67,"393979172",9780393979176,"en-US",576,401,33,"2004-12-19T00:00:00Z","W.W. Norton & Company"
"397",30314,"Embracing Love  Vol. 4","Youka Nitta",4.34,"1933440171",9781933440170,"eng",208,594,9,"2007-01-01T00:00:00Z","Be Beautiful"
"398",98,"What to Expect the First Year (What to Expect)","Heidi Murkoff/Sharon Mazel/Arlene Eisenberg/Sandee Hathaway/Mark D. Widome",3.89,"761129588",9780761129585,"eng",832,11797,659,"2003-10-16T00:00:00Z","Workman Publishing Company"
"399",18628,"The State of the Art","Iain M. Banks",3.84,"189238938X",9781892389381,"eng",188,46,6,"2005-08-01T00:00:00Z","Night Shade"
"400",14899,"Mormon Country","Wallace Stegner/Richard W. Etulain",3.95,"803293054",9780803293052,"eng",362,557,74,"2003-09-01T00:00:00Z","Bison Books"
"401",144,"Ruby Ann's Down Home Trailer Park BBQin' Cookbook","Ruby Ann Boxcar",4.08,"806525363",9780806525365,"eng",206,13,2,"2005-05-03T00:00:00Z","Citadel"
"402",16543,"Dayworld (Dayworld #1)","Philip JosÃ© Farmer",3.64,"441140017",9780441140015,"eng",258,1315,68,"1986-03-01T00:00:00Z","Ace Books"
"403",28979,"Suffer Little Children (Sister Fidelma  #3)","Peter Tremayne",4.05,"451195574",9780451195579,"eng",320,1348,76,"1999-02-01T00:00:00Z","Signet"
"404",23235,"Where We Are  What We See: The Best Young Writers and Artists in America","David Levithan",3.76,"439736463",9780439736466,"eng",288,41,0,"2005-05-01T00:00:00Z","Push"
"405",28796,"The Song of Rhiannon","Evangeline Walton",4.02,"20264739",9780020264736,"eng",208,255,12,"1992-09-01T00:00:00Z","Collier Books"
"406",36261,"The Sixties: Years of Hope  Days of Rage","Todd Gitlin",3.73,"553372122",9780553372120,"en-US",544,475,42,"1993-07-01T00:00:00Z","Bantam Books (NY)"
"407",18225,"Theory of Colours","Johann Wolfgang von Goethe/Deane B. Judd",4.06,"262570211",9780262570213,"eng",468,694,20,"1970-03-15T00:00:00Z","MIT Press"
"408",4723,"Trimalchio","F. Scott Fitzgerald/James L.W. West III",4.42,"521890470",9780521890472,"eng",214,41,4,"2002-04-25T00:00:00Z","Cambridge University Press"
"409",29979,"Science Fiction Treasury: Six Complete Novels (complete & unabridged)","H.G. Wells/George Gesner",3.94,"517436329",9780517436325,"eng",688,17,1,"1984-09-19T00:00:00Z","Random House Value Publishing"
"410",15852,"Relativity: The Special and the General Theory","Albert Einstein/Nigel Calder/Robert W. Lawson",4.18,"143039822",9780143039822,"eng",130,14068,344,"2006-07-25T00:00:00Z","Penguin Classics"
"411",44190,"Monster Island (Monster Island  #1)","David Wellington",3.6,"1560258500",9781560258506,"eng",282,9808,497,"2006-03-24T00:00:00Z","Running Press Adult"
"412",34663,"Shattered Bonds: The Color of Child Welfare","Dorothy Roberts",4.19,"465070590",9780465070596,"eng",352,153,10,"2002-12-25T00:00:00Z","Civitas Books"
"413",44866,"Poetry and Prose of Alexander Pope (Riverside Editions)","Alexander Pope/Aubrey Williams",3.97,"395051568",9780395051566,"eng",512,93,5,"1968-01-02T00:00:00Z","Houghton Mifflin Company"
"414",4696,"The Last Jew","Noah Gordon/Mirjana CvekiÄ‡/Ljiljana CvekiÄ‡",4.1,"312300530",9780312300531,"eng",352,4360,189,"2000-08-15T00:00:00Z","St. Martin's Griffin"
"415",44184,"Monster","Walter Dean Myers",3.72,"64407314",9780064407311,"eng",281,56171,5341,"2019-03-05T00:00:00Z","Amistad"
"416",34909,"The Dragon Doesn't Live Here Anymore: Living Fully  Loving Freely","Alan Cohen",4.27,"449908402",9780449908402,"eng",416,179,16,"1993-08-03T00:00:00Z","Ballantine Books"
"417",10796,"A Farewell to Arms","Ernest Hemingway/John Slattery",3.8,"743564375",9780743564373,"eng",8,290,65,"2006-05-01T00:00:00Z","Simon  Schuster Audio"
"418",33810,"Plum Island (John Corey  #1)","Nelson DeMille",4.03,"446679089",9780446679084,"eng",592,36285,1662,"2002-01-01T00:00:00Z","Grand Central Publishing"
"419",8725,"Comfort Me with Apples: More Adventures at the Table","Ruth Reichl",4.04,"375758739",9780375758737,"eng",302,17939,947,"2002-04-09T00:00:00Z","Random House Trade"
"420",8710,"The Illustrated Hitchhiker's Guide To The Galaxy","Douglas Adams",4.35,"517599244",9780517599242,"eng",96,294,19,"1994-10-11T00:00:00Z","Harmony"
"421",6572,"Suffer the Children","John Saul",3.91,"044018293X",9780440182931,"en-US",378,28001,301,"1989-07-01T00:00:00Z","Dell"
"422",39541,"How to Be a Domestic Goddess: Baking and the Art of Comfort Cooking","Nigella Lawson/Petrina Tinslay",3.97,"786867973",9780786867974,"en-US",374,251,18,"2001-11-14T00:00:00Z","Hyperion Books"
"423",38564,"Boys that Bite (Blood Coven Vampire  #1)","Mari Mancusi",3.68,"425209423",9780425209424,"en-US",272,10669,498,"2006-04-04T00:00:00Z","Berkley"
"424",6008,"Five T'ang Poets","Wang Wei/Li Bai/Li Ho/Li Shang-yin/David        Young",4.3,"093244055X",9780932440556,"eng",184,169,21,"1990-10-08T00:00:00Z","Oberlin College Press"
"425",43037,"The Call of the Wild  White Fang and Other Stories","Jack London",3.99,"192835149",9780192835147,"eng",400,18720,192,"1998-08-20T00:00:00Z","Oxford University Press  USA"
"426",362,"Wish You Were Here: The Official Biography of Douglas Adams","Nick  Webb",4.14,"345476514",9780345476517,"eng",368,2623,49,"2005-12-27T00:00:00Z","Del Rey"
"427",28187,"The Lightning Thief (Percy Jackson and the Olympians  #1)","Rick Riordan",4.25,"786838655",9780786838653,"eng",375,1766725,47951,"2006-03-01T00:00:00Z","Disney Hyperion Books"
"428",2367,"Brave Companions: Portraits in History","David McCullough",3.98,"671792768",9780671792763,"eng",240,3460,482,"1992-11-01T00:00:00Z","Simon Schuster"
"429",7053,"In the Company of Cheerful Ladies (No. 1 Ladies' Detective Agency #6)","Alexander McCall Smith",4.08,"375422714",9780375422713,"eng",233,22026,912,"2005-04-19T00:00:00Z","Pantheon"
"430",412,"Gravity's Rainbow","Thomas Pynchon",4.01,"140283382",9780140283389,"eng",784,762,213,"2000-01-01T00:00:00Z","Penguin Books"
"431",19512,"Schopenhauer: A Very Short Introduction","Christopher Janaway",3.81,"192802593",9780192802590,"eng",137,346,26,"2002-02-21T00:00:00Z","Oxford University Press"
"432",4479,"Sad Underwear and Other Complications: More Poems for Children and Their Parents","Judith Viorst/Richard  Hull",3.91,"689833768",9780689833762,"en-US",80,109,13,"2000-04-01T00:00:00Z","Atheneum Books for Young Readers"
"433",5346,"The Last Juror","John Grisham",3.87,"385339682",9780385339681,"eng",278,72294,1755,"2006-04-25T00:00:00Z","Delta"
"434",16379,"Life With Jeeves (Jeeves  #6  2  & 4)","P.G. Wodehouse",4.39,"140059024",9780140059021,"eng",557,3169,137,"1983-09-29T00:00:00Z","Penguin Books"
"435",25719,"New Jewish Wedding  Revised","Anita Diamant",3.96,"743202554",9780743202558,"eng",288,694,64,"2001-03-06T00:00:00Z","Scribner"
"436",4940,"The Brothers Karamazov","Fyodor Dostoyevsky/Constance Garnett/Maire Jaanus",4.32,"159308045X",9781593080457,"eng",720,1089,202,"2004-07-25T00:00:00Z","Barnes  Noble Classics"
"437",10500,"Baby Names for Dummies","Margaret  Rose/Heather Rose Jones",3.32,"764543407",9780764543401,"eng",364,13,7,"2005-05-01T00:00:00Z","For Dummies"
"438",40492,"Revolution in The Valley: The Insanely Great Story of How the Mac Was Made","Andy Hertzfeld/Steve Wozniak",4.18,"596007191",9780596007195,"en-US",291,1900,55,"2004-12-16T00:00:00Z","O'Reilly Media"
"439",31153,"The Rapture: Who Will Face the Tribulation","Tim LaHaye",3.5,"736909524",9780736909525,"eng",256,4,1,"2002-03-01T00:00:00Z","Harvest House Publishers"
"440",38827,"1599: A Year in the Life of William Shakespeare","James Shapiro",4.09,"571214800",9780571214808,"eng",429,34,6,"2005-09-01T00:00:00Z","Faber & Faber"
"441",18073,"Jeeves in the Offing (Jeeves  #12)","P.G. Wodehouse",4.17,"1841591165",9781841591162,"eng",208,28,4,"2002-09-12T00:00:00Z","Everyman"
"442",8146,"The Stories of Vladimir Nabokov","Vladimir Nabokov",4.3,"679729976",9780679729976,"eng",685,5889,183,"1996-12-09T00:00:00Z","Vintage"
"443",33464,"Granta 7","Bill Buford/Clive Sinclair/Graham Swift/Martin Amis/Rose Tremain/A.N. Wilson/Pat Barker/Julian Barnes/Ursula Bentley/William Boyd/Buchi Emecheta/Alan Judd/Maggie Gee/Kazuo Ishiguro/Adam Mars-Jones/Ian McEwan/Shiva Naipaul/Philip Norman/Christopher Priest/Salman Rushdie/Lisa St. Aubin de TerÃ¡n",3.94,"140140824",9780140140828,"eng",320,2,1,"2013-04-01T00:00:00Z","Granta Books"
"444",38123,"Sex and Reason","Richard A. Posner",3.91,"674802802",9780674802803,"eng",458,76,13,"1992-01-01T00:00:00Z","Harvard University Press"
"445",36421,"The Star-Spangled Banner (Symbols of America)","Debra Hess",4,"761417109",9780761417101,"eng",40,1,0,"2003-01-01T00:00:00Z","Cavendish Square Publishing"
"446",32828,"The Mammoth Book of New Jules Verne Adventures: Return to the Center of the Earth and Other Extraordinary Voyages  New Tales by the Heirs of Jules Verne","Mike Ashley/Eric Brown/Keith Brooke/Johan Heliot/Kevin J. Anderson/Sarah A. Hoyt/Justina Robson/Adam Roberts/Paul Di Filippo/Tim Lebbon/Molly Brown/Tony Ballantyne/Stephen Baxter/Richard A. Lupoff/Sharan Newman/Michael Pagel/Liz Williams/Brian Stableford/James Lovegrove/Ian Watson/Peter Criwther/Laurent Genefirt/F. Gwynplaine MacIntyre/Michael Mallory",3.63,"786714956",9780786714957,"eng",498,28,4,"2005-02-15T00:00:00Z","Running Press"
"447",1005,"Think and Grow Rich: The Landmark Bestseller Now Revised and Updated for the 21st Century","Napoleon Hill",4.18,"1585424331",9781585424337,"eng",320,88897,2334,"2005-09-01T00:00:00Z","Tarcherperigee"
"448",2257,"Secret of the Peaceful Warrior","Dan Millman/Robert D. San Souci/T. Taylor Bruce",4.15,"915811235",9780915811236,"en-US",32,156,13,"1992-12-28T00:00:00Z","HJ Kramer"
"449",36190,"Whirlpool","Elizabeth Lowell/Ann Maxwell",3.78,"60511133",9780060511135,"eng",448,1143,63,"2006-10-31T00:00:00Z","Avon"
"450",24768,"Pretties (Uglies  #2)","Scott Westerfeld",3.85,"689865392",9780689865398,"eng",370,211060,8890,"2005-11-01T00:00:00Z","Simon & Schuster Simon Pulse"
"451",3688,"Complete Short Stories","Graham Greene/Pico Iyer",4.17,"143039105",9780143039105,"eng",594,1122,69,"2005-02-01T00:00:00Z","Penguin Classics"
"452",13199,"A Quiver Full of Arrows","Jeffrey Archer",3.78,"312937695",9780312937690,"eng",288,9214,179,"2005-08-30T00:00:00Z","St. Martin's Paperbacks"
"453",24378,"His Dark Materials","Nicholas Wright/Philip Pullman",4.02,"185459768X",9781854597687,"eng",236,38,4,"2004-04-01T00:00:00Z","Nick Hern Books"
"454",25352,"Coming Out","Danielle Steel",3.51,"385338325",9780385338325,"eng",210,4160,241,"2006-06-27T00:00:00Z","Delacorte Press"
"455",3566,"Against the Odds: Tales of Achievement","L.M. Montgomery/Rea Wilmshurst",3.83,"553565923",9780553565928,"en-US",246,928,27,"1994-11-01T00:00:00Z","Bantam Starfire"
"456",34318,"Harry Potter and the Sorcerer's Stone (Harry Potter  #1)","J.K. Rowling/Mary GrandPrÃ©",4.47,"786222727",9780786222728,"eng",424,147,13,"1999-11-12T00:00:00Z","Thorndike Press Large Print"
"457",11779,"Them (Wonderland Quartet  #3)","Joyce Carol Oates/Elaine Showalter",3.71,"345484401",9780345484406,"eng",576,2686,230,"2006-09-12T00:00:00Z","Modern Library"
"458",25788,"The Book of Five Rings","Miyamoto Musashi/Thomas Cleary",4.07,"1570627487",9781570627484,"eng",144,192,10,"1993-04-13T00:00:00Z","Shambhala"
"459",7579,"Awakening the Buddha Within: Eight Steps to Enlightenment","Surya  Das",4.19,"767901576",9780767901574,"en-US",432,12034,285,"1998-06-15T00:00:00Z","Harmony"
"460",43678,"The Anderson Tapes (Deadly Sins #1)","Lawrence Sanders",3.68,"425103641",9780425103647,"eng",336,1275,25,"1987-03-15T00:00:00Z","Berkley"
"461",19406,"The Decline and Fall of the Roman Empire","Edward Gibbon",3.98,"1857151925",9781857151923,"eng",1952,19,1,"1994-10-01T00:00:00Z","Everyman Chess"
"462",8282,"The Long Winter (Little House  #6)","Laura Ingalls Wilder/Garth Williams",4.14,"60885424",9780060885427,"eng",422,67427,1048,"2007-01-01T00:00:00Z","HarperTrophy"
"463",5102,"The Handmaid's Tale","Margaret Atwood/Valerie Martin",4.11,"307264602",9780307264602,"eng",350,2102,282,"2006-10-17T00:00:00Z","Everyman's Library"
"464",24949,"Danny The Champion of the World","Roald Dahl/Jill Bennett",4.09,"553152890",9780553152890,"eng",196,7,3,"1984-06-01T00:00:00Z","Yearling"
"465",24657,"Penguin Book Of Norse Myths: Gods Of The Vikings","Kevin Crossley-Holland",4.2,"140258698",9780140258691,"en-GB",276,116,9,"1997-01-07T00:00:00Z","Penguin UK"
"466",827,"The Diamond Age: Or  A Young Lady's Illustrated Primer","Neal Stephenson/Pedro Jorge Romero",4.19,"553380966",9780553380965,"eng",499,71042,2767,"2000-05-02T00:00:00Z","Spectra"
"467",13934,"The Noonday Demon: An Anatomy of Depression","Andrew Solomon",4.18,"99277131",9780099277132,"en-GB",560,119,10,"2002-04-04T00:00:00Z","Vintage"
"468",137,"Starting an eBay Business for Dummies","Marsha Collier",3.55,"764569244",9780764569241,"eng",384,55,4,"2004-09-17T00:00:00Z","Wiley"
"469",34153,"Climb the Family Tree  Jesse Bear!","Nancy White Carlstrom/Bruce Degen",3.49,"689807015",9780689807015,"en-US",32,63,9,"2004-07-01T00:00:00Z","Aladdin"
"470",5308,"The Pearl","John Steinbeck",3.46,"142000698",9780142000694,"eng",96,160706,6198,"2002-01-08T00:00:00Z","Penguin Books"
"471",17728,"The House of Mirth","Edith Wharton/Nina Bawden",3.95,"1844082938",9781844082933,"eng",351,69014,3180,"2006-01-19T00:00:00Z","Virago"
"472",14790,"Maya Cosmogenesis 2012: The True Meaning of the Maya Calendar End-Date","John Major Jenkins/Terence McKenna",3.71,"1879181487",9781879181489,"en-US",480,186,17,"1998-08-01T00:00:00Z","Bear  Company"
"473",38346,"The Curious Sofa","Edward Gorey",4.18,"151003076",9780151003075,"eng",64,296,20,"1997-09-15T00:00:00Z","Harcourt Brace & Company"
"474",78,"Annals of the Former World","John McPhee",4.34,"374518734",9780374518738,"eng",720,3115,228,"1999-01-06T00:00:00Z","Farrar  Straus and Giroux"
"475",11734,"The Human Stain (The American Trilogy  #3)","Philip Roth",3.88,"99282194",9780099282198,"eng",384,25422,1410,"2001-04-05T00:00:00Z","Vintage"
"476",24127,"Death of a Charming Man (Hamish Macbeth  #10)","M.C. Beaton",3.79,"446403385",9780446403382,"eng",176,3618,223,"1995-07-01T00:00:00Z","Grand Central Publishing"
"477",5402,"Stand Back  Said the Elephant  ""I'm Going to Sneeze!""","Patricia Thomas/Wallace Tripp",4.39,"688093388",9780688093389,"eng",32,1004,130,"1990-04-23T00:00:00Z","William Morrow & Company  Inc."
"478",4337,"The Zanzibar Chest","Aidan Hartley",4.01,"1594480117",9781594480119,"en-US",496,2218,172,"2004-08-03T00:00:00Z","Riverhead Books"
"479",30242,"Burnt Offerings (Anita Blake  Vampire Hunter  #7)","Laurell K. Hamilton",4.08,"515134473",9780515134476,"en-US",392,58849,832,"2002-09-24T00:00:00Z","Berkley Books"
"480",14867,"The Pact","Jodi Picoult",4.01,"340838035",9780340838037,"en-GB",480,988,115,"2005-07-18T00:00:00Z","Hodder & Stoughton"
"481",24692,"Melville: His World and Work","Andrew Delbanco",4.04,"375702970",9780375702976,"eng",448,273,37,"2006-09-12T00:00:00Z","Vintage"
"482",20235,"A Cold Treachery (Inspector Ian Rutledge  #7)","Charles Todd",4.15,"553586610",9780553586619,"eng",416,2997,265,"2005-08-30T00:00:00Z","Bantam"
"483",7062,"Paris to the Moon","Adam Gopnik",3.76,"375758232",9780375758232,"eng",368,12356,941,"2001-09-11T00:00:00Z","Random House Trade Paperbacks"
"484",37734,"Wifey / Smart Women","Judy Blume",3.68,"743437578",9780743437578,"eng",560,376,20,"2001-10-02T00:00:00Z","Pocket Books"
"485",35406,"Lego Star Wars: Prima Official Game Guide","Michael Littlefield",4.62,"761554912",9780761554912,"eng",128,27,2,"2006-09-12T00:00:00Z","Prima Games"
"486",37657,"The Body in the Lighthouse","Katherine Hall Page",3.68,"380813866",9780380813865,"en-US",352,434,28,"2004-03-30T00:00:00Z","Avon"
"487",9216,"Ballet and Modern Dance","Susan Au",3.74,"500203520",9780500203521,"eng",224,53,6,"2002-06-17T00:00:00Z","Thames  Hudson"
"488",7924,"All-of-a-Kind Family Uptown (All-of-a-Kind-Family  #4)","Sydney Taylor",4.28,"929093097",9780929093093,"eng",160,5702,65,"2001-04-01T00:00:00Z","Taylor Productions Ltd"
"489",2814,"The Rock That Is Higher: Story as Truth","Madeleine L'Engle",4.12,"877887268",9780877887263,"eng",320,496,48,"2002-03-19T00:00:00Z","Shaw Books"
"490",4488,"Bridget Jones's Guide to Life","Helen Fielding",3.49,"142000213",9780142000212,"en-US",64,1104,34,"2001-04-01T00:00:00Z","Penguin Books"
"491",32189,"Sukhoi Su-27 Flanker (WarbirdTech  #42)","Yefim Gordon/Peter Davison",3,"1580070914",9781580070911,"eng",104,6,0,"2006-04-01T00:00:00Z","Specialty Press"
"492",45362,"The Passion of Jesus Christ","John Piper",4.23,"1581346085",9781581346084,"eng",127,6164,136,"2004-01-09T00:00:00Z","Crossway Books"
"493",27005,"The Eyre Affair (Thursday Next  #1)","Jasper Fforde",3.91,"034073356X",9780340733561,"eng",373,3689,566,"2001-07-19T00:00:00Z","Hodder and Stoughton"
"494",6475,"George Washington's Sacred Fire","Peter A. Lillback/Jerry Newcombe",4.18,"978605268",9780978605261,"eng",1200,694,63,"2011-05-31T00:00:00Z","Providence Forum Press"
"495",41652,"The Boy Who Turned Into a TV Set","Stephen Manes/Michael  Bass",4,"380620006",9780380620005,"eng",10,8,3,"1984-02-01T00:00:00Z","Avon Books"
"496",31478,"Slaughterhouse Blues: The Meat and Poultry Industry in North America","Donald D. Stull/Michael J. Broadway/Eric Schlosser",3.46,"534613039",9780534613037,"en-US",172,27,1,"2003-04-17T00:00:00Z","Wadsworth Publishing Company"
"497",7439,"Naked Lunch: The Restored Text","William S. Burroughs",3.46,"7204442",9780007204441,"eng",289,509,65,"2005-05-03T00:00:00Z","HarperCollins Publishers"
"498",35432,"Wookiee Cookies: A Star Wars Cookbook","Robin  Davis/Frankie Frankeny",3.93,"811821846",9780811821841,"eng",132,952,57,"1998-09-01T00:00:00Z","Chronicle Books"
"499",38385,"The Ring Volume 4 Birthday","KÅji Suzuki/Sakura Mizuki",3.58,"1593072678",9781593072674,"eng",160,56,2,"2005-06-21T00:00:00Z","Dark Horse Manga"
"500",18888,"Mistress of Magic (The Mists of Avalon  #1)","Marion Zimmer Bradley/Davina Porter",4.12,"1556908687",9781556908682,"eng",14,12,4,"1993-04-01T00:00:00Z","Recorded Books"
